change_id,date_start,date_end,territory,from_ids,to_ids,change_type,legal_status_note,description,certainty,source_ids,verification_status
TC001,1945-05-08,1949-10-07,Alemania,DEU,DEU;DDR,ocupacion_y_particion,Ocupación aliada en 4 zonas; RFA (23-05-1949) y RDA (07-10-1949),Rendición alemana y división del país; los territorios al este de la línea Óder-Neisse pasan a administración polaca y soviética (Conferencia de Potsdam).,Alta,SRC_ACADEMIC_HIST;SRC_BRITANNICA,CONOC_EXPERTO
TC002,1945-08-02,1945-08-02,Prusia Oriental septentrional (Königsberg/Kaliningrado),DEU,RUS,anexion_tratado_posguerra,Acuerdo de Potsdam; reconocimiento definitivo en Tratado 2+4 (1990),Transferencia a la URSS (RSFS de Rusia); expulsión de población alemana.,Alta,SRC_ACADEMIC_HIST,CONOC_EXPERTO
TC003,1945-08-02,1990-11-14,Territorios al este del Óder-Neisse,DEU,POL,transferencia_posguerra,Potsdam 1945; Tratado germano-polaco de fronteras 14-11-1990,"Pomerania, Silesia y sur de Prusia Oriental pasan a Polonia; desplazamiento masivo de población.",Alta,SRC_ACADEMIC_HIST,CONOC_EXPERTO
TC004,1945-09-02,,Islas Kuriles del sur / 'Territorios del Norte',JPN,RUS,ocupacion_militar_disputada,"Japón reclama Etorofu, Kunashiri, Shikotan y Habomai; sin tratado de paz ruso-japonés",Ocupación soviética en agosto-septiembre de 1945; disputa vigente.,Alta,SRC_ACADEMIC_HIST,CONOC_EXPERTO
TC005,1947-08-15,1947-08-15,India británica,GBR,IND;PAK,particion_independencia,Indian Independence Act 1947,Partición en India y Pakistán (Occidental y Oriental); 10-20 millones de desplazados y entre 200.000 y 2 millones de muertos según estimaciones.,Alta,SRC_ACADEMIC_HIST,CONOC_EXPERTO
TC006,1947-10-26,,Cachemira,,IND;PAK;CHN,disputa_territorial_armada,Línea de Control desde 1972 (Acuerdo de Simla); Aksai Chin bajo control chino,Adhesión del maharajá a India y primera guerra indo-pakistaní; partición de facto.,Alta,SRC_ACADEMIC_HIST,CONOC_EXPERTO
TC007,1948-05-14,1949-07-20,Palestina del Mandato,GBR,ISR;JOR;EGY,independencia_y_guerra,Líneas de armisticio de 1949 ('Línea Verde'),"Fin del Mandato británico, independencia de Israel; Cisjordania bajo Jordania y Gaza bajo Egipto.",Alta,SRC_ACADEMIC_HIST,CONOC_EXPERTO
TC008,1949-12-27,1949-12-27,Indias Orientales Neerlandesas,NLD,IDN,independencia,Transferencia de soberanía reconocida en la Conferencia de La Haya,Independencia de Indonesia (proclamada 17-08-1945).,Alta,SRC_ACADEMIC_HIST,CONOC_EXPERTO
TC009,1950-10-07,1951-05-23,Tíbet,TBT,CHN,anexion_militar,Acuerdo de 17 puntos (1951),Entrada del EPL y control de la RPC; exilio del Dalai Lama en 1959.,Alta,SRC_ACADEMIC_HIST,CONOC_EXPERTO
TC010,1954-07-21,1976-07-02,Vietnam,FRA,VNM;VDR,particion_y_reunificacion,Acuerdos de Ginebra 1954 (paralelo 17); reunificación formal 02-07-1976,Partición tras Dien Bien Phu y posterior reunificación bajo Hanói tras la caída de Saigón (30-04-1975). VDR = República de Vietnam (código V-Dem).,Alta,SRC_ACADEMIC_HIST,CONOC_EXPERTO
TC011,1954-10-05,1975-11-10,Trieste,,ITA;SRB,particion_negociada,Memorándum de Londres 1954; Tratado de Osimo 1975,Zona A a Italia y Zona B a Yugoslavia.,Alta,SRC_ACADEMIC_HIST,CONOC_EXPERTO
TC012,1957-01-01,1957-01-01,Sarre,FRA,DEU,reintegracion_referendum,Referéndum de 1955 y Tratado de Luxemburgo 1956,El Sarre se integra en la RFA.,Alta,SRC_ACADEMIC_HIST,CONOC_EXPERTO
TC013,1961-12-19,1961-12-19,"Goa, Damán y Diu",PRT,IND,anexion_militar,Reconocida por Portugal en 1974,Operación Vijay de India.,Alta,SRC_ACADEMIC_HIST,CONOC_EXPERTO
TC014,1962-10-20,,Aksai Chin / Arunachal Pradesh,IND,CHN,guerra_fronteriza_disputa,Línea de Control Real (LAC) no demarcada,Guerra chino-india; China mantiene Aksai Chin y reclama Arunachal Pradesh.,Alta,SRC_ACADEMIC_HIST,CONOC_EXPERTO
TC015,1967-06-10,,"Cisjordania, Jerusalén Este, Gaza, Sinaí, Golán",JOR;EGY;SYR,ISR,ocupacion_militar,Res. 242 CSNU; Sinaí devuelto 1982; Gaza desconectada 2005; Jerusalén Este (1980) y Golán (1981) anexionados sin reconocimiento internacional mayoritario,Guerra de los Seis Días.,Alta,SRC_ACADEMIC_HIST;SRC_UNTC,CONOC_EXPERTO
TC016,1971-12-16,1971-12-16,Pakistán Oriental,PAK,BGD,secesion_guerra,Reconocimiento por Pakistán en 1974,Independencia de Bangladés tras guerra de liberación e intervención india.,Alta,SRC_ACADEMIC_HIST,CONOC_EXPERTO
TC017,1972-05-15,1972-05-15,Okinawa (Islas Ryukyu),USA,JPN,devolucion_administrativa,Acuerdo de reversión de Okinawa 1971,EE.UU. devuelve la administración a Japón conservando bases.,Alta,SRC_ACADEMIC_HIST,CONOC_EXPERTO
TC018,1974-07-20,,Norte de Chipre,CYP,TUR,ocupacion_militar_estado_no_reconocido,"RTNC proclamada 1983, reconocida solo por Turquía",Intervención turca tras golpe pro-enosis.,Alta,SRC_ACADEMIC_HIST,CONOC_EXPERTO
TC019,1975-05-16,1975-05-16,Sikkim,SKM,IND,anexion_referendum,Referéndum de abril de 1975,Sikkim se convierte en estado de la India.,Alta,SRC_ACADEMIC_HIST,CONOC_EXPERTO
TC020,1975-11-14,,Sáhara Occidental,ESP,MAR;MRT,descolonizacion_disputada,Acuerdos de Madrid 1975; Mauritania se retira 1979; RASD proclamada 1976; territorio no autónomo según ONU,Marcha Verde y control marroquí de ~75-80% del territorio; Frente Polisario.,Alta,SRC_ACADEMIC_HIST;SRC_UN_MEMBERS,CONOC_EXPERTO
TC021,1975-12-07,2002-05-20,Timor Oriental,PRT,IDN;TLS,invasion_y_posterior_independencia,Referéndum ONU 30-08-1999; independencia 20-05-2002,Invasión indonesia; ocupación hasta 1999; administración ONU (UNTAET).,Alta,SRC_ACADEMIC_HIST,CONOC_EXPERTO
TC022,1982-04-25,1982-04-25,Península del Sinaí,ISR,EGY,devolucion_tratado,Tratado de paz egipcio-israelí 1979,Retirada israelí completa del Sinaí (Taba en 1989 por arbitraje).,Alta,SRC_ACADEMIC_HIST,CONOC_EXPERTO
TC023,1982-04-02,1982-06-14,Islas Malvinas/Falkland,GBR,ARG,ocupacion_temporal_revertida,Soberanía disputada por Argentina; control británico restablecido,Guerra de las Malvinas.,Alta,SRC_ACADEMIC_HIST,CONOC_EXPERTO
TC024,1990-05-22,1990-05-22,Yemen,YEM;YMD,YEM,unificacion,Unificación de la RAY y la RDPY,Guerra civil de secesión del sur en 1994 fallida.,Alta,SRC_ACADEMIC_HIST,CONOC_EXPERTO
TC025,1990-03-21,1994-03-01,Namibia / Walvis Bay,ZAF,NAM,independencia,Res. 435 CSNU; Walvis Bay transferida en 1994,,Alta,SRC_ACADEMIC_HIST,CONOC_EXPERTO
TC026,1990-08-02,1991-02-28,Kuwait,KWT,IRQ,anexion_revertida,Res. 660/678 CSNU,Invasión y anexión iraquí revertida por coalición internacional.,Alta,SRC_ACADEMIC_HIST,CONOC_EXPERTO
TC027,1990-10-03,1990-10-03,República Democrática Alemana,DDR,DEU,reunificacion,Tratado 2+4 (12-09-1990),Adhesión de la RDA a la RFA.,Alta,SRC_ACADEMIC_HIST,CONOC_EXPERTO
TC028,1991-06-25,1992-04-27,Yugoslavia (RFSY),SRB,SVN;HRV;MKD;BIH;SRB,disolucion,Comisión Badinter; RF Yugoslavia (Serbia-Montenegro) 1992,Disolución violenta de la federación yugoslava.,Alta,SRC_ACADEMIC_HIST,CONOC_EXPERTO
TC029,1991-12-26,1991-12-26,Unión Soviética,RUS,RUS;UKR;BLR;KAZ;UZB;TKM;KGZ;TJK;GEO;ARM;AZE;MDA;LTU;LVA;EST,disolucion,Acuerdos de Belavezha (08-12-1991) y Alma-Ata; bálticos reconocidos en septiembre de 1991,Rusia continuadora de la URSS en el CSNU.,Alta,SRC_ACADEMIC_HIST,CONOC_EXPERTO
TC030,1993-01-01,1993-01-01,Checoslovaquia,CZE,CZE;SVK,disolucion_pacifica,'Divorcio de terciopelo',,Alta,SRC_ACADEMIC_HIST,CONOC_EXPERTO
TC031,1993-05-24,1993-05-24,Eritrea,ETH,ERI,secesion_referendum,Referéndum de abril de 1993,,Alta,SRC_ACADEMIC_HIST,CONOC_EXPERTO
TC032,1994-05-16,,Nagorno Karabaj y distritos adyacentes,AZE,ARM,ocupacion_militar_estado_no_reconocido,Alto el fuego de Biskek 1994,Control armenio de facto hasta 2020-2023.,Alta,SRC_ACADEMIC_HIST,CONOC_EXPERTO
TC033,1997-07-01,1997-07-01,Hong Kong,GBR,CHN,retrocesion,"Declaración Conjunta Sino-Británica 1984 ('un país, dos sistemas')",,Alta,SRC_ACADEMIC_HIST,CONOC_EXPERTO
TC034,1999-12-20,1999-12-20,Macao,PRT,CHN,retrocesion,Declaración Conjunta Sino-Portuguesa 1987,,Alta,SRC_ACADEMIC_HIST,CONOC_EXPERTO
TC035,1999-12-31,1999-12-31,Zona del Canal de Panamá,USA,PAN,transferencia_tratado,Tratados Torrijos-Carter 1977,,Alta,SRC_ACADEMIC_HIST,CONOC_EXPERTO
TC036,2006-06-03,2006-06-05,Serbia y Montenegro,SRB,SRB;MNE,disolucion_referendum,Referéndum montenegrino 21-05-2006,,Alta,SRC_ACADEMIC_HIST,CONOC_EXPERTO
TC037,2008-02-17,,Kosovo,SRB,XKX,secesion_reconocimiento_parcial,Opinión consultiva CIJ 2010: la declaración no violó el derecho internacional; reconocimiento parcial,Administración ONU desde 1999 (Res. 1244).,Alta,SRC_ACADEMIC_HIST,CONOC_EXPERTO
TC038,2008-08-26,,Abjasia y Osetia del Sur,GEO,RUS,secesion_reconocimiento_ruso,Reconocidas por Rusia y pocos estados; consideradas territorios ocupados por Georgia y la UE,Guerra ruso-georgiana.,Alta,SRC_ACADEMIC_HIST,CONOC_EXPERTO
TC039,2008-08-14,2008-08-14,Península de Bakassi,NGA,CMR,transferencia_fallo_judicial,Sentencia CIJ 2002; Acuerdo de Greentree 2006,,Alta,SRC_ACADEMIC_HIST,CONOC_EXPERTO
TC040,2011-07-09,2011-07-09,Sudán del Sur,SDN,SSD,secesion_referendum,Acuerdo General de Paz 2005; referéndum enero 2011,Abyei sigue disputado.,Alta,SRC_ACADEMIC_HIST,CONOC_EXPERTO
TC041,2014-03-18,,Crimea y Sebastopol,UKR,RUS,anexion_no_reconocida,Res. AGNU 68/262 afirma la integridad territorial de Ucrania,Anexión rusa tras ocupación militar y referéndum no reconocido.,Alta,SRC_ACADEMIC_HIST;SRC_UNTC,CONOC_EXPERTO
TC042,2014-04-06,2022-09-30,Donetsk y Lugansk (partes),UKR,RUS,secesion_apoyada_externamente,'Repúblicas populares' apoyadas por Rusia; reconocidas por Rusia 21-02-2022,,Alta,SRC_ACADEMIC_HIST,CONOC_EXPERTO
TC043,2022-09-30,,"Óblasts de Donetsk, Lugansk, Zaporiyia y Jersón (partes)",UKR,RUS,anexion_no_reconocida,Res. AGNU ES-11/4 (12-10-2022) condena la anexión,Rusia controla parcialmente los cuatro óblasts; frente activo.,Alta,SRC_ACADEMIC_HIST;SRC_UNTC,CONOC_EXPERTO
TC044,2019-08-05,2019-10-31,Jammu y Cachemira (India),IND,IND,reorganizacion_interna,Revocación del artículo 370,Pérdida de autonomía; división en dos territorios de la Unión.,Alta,SRC_ACADEMIC_HIST,CONOC_EXPERTO
TC045,2020-11-10,2023-10-01,Nagorno Karabaj,ARM,AZE,reconquista_militar,Declaración trilateral 10-11-2020; ofensiva azerí sept. 2023; disolución de la 'República de Artsaj' 01-01-2024,Éxodo de >100.000 armenios de Karabaj en 2023.,Alta,SRC_ACADEMIC_HIST,CONOC_EXPERTO
TC046,1960-06-26,1960-07-01,Somalilandia británica y Somalia italiana,GBR;ITA,SOM,independencia_union,Somalilandia proclama independencia en 1991 sin reconocimiento,,Alta,SRC_ACADEMIC_HIST,CONOC_EXPERTO
TC047,1962-07-05,1962-07-05,Argelia,FRA,DZA,independencia_guerra,Acuerdos de Evian; referéndum,Fin de la guerra de independencia (1954-1962).,Alta,SRC_ACADEMIC_HIST,CONOC_EXPERTO
TC048,1965-08-09,1965-08-09,Singapur,MYS,SGP,expulsion_independencia,,Separación de la Federación de Malasia.,Alta,SRC_ACADEMIC_HIST,CONOC_EXPERTO
TC049,1975-11-11,1975-11-11,Angola,PRT,AGO,independencia,Acuerdo de Alvor; tras Revolución de los Claveles,"Mozambique (25-06-1975), Guinea-Bisáu (1974), Cabo Verde y Santo Tomé (1975) en el mismo proceso.",Alta,SRC_ACADEMIC_HIST,CONOC_EXPERTO
TC050,1980-04-18,1980-04-18,Rodesia del Sur,GBR,ZWE,independencia,Acuerdo de Lancaster House 1979,Tras la declaración unilateral de independencia de Rodesia (1965).,Alta,SRC_ACADEMIC_HIST,CONOC_EXPERTO
TC051,1994-05-30,1994-05-30,Franja de Aouzou,LBY,TCD,devolucion_fallo_judicial,Sentencia CIJ 1994,,Alta,SRC_ACADEMIC_HIST,CONOC_EXPERTO
TC052,1998-10-26,1998-10-26,Frontera Ecuador-Perú (Cordillera del Cóndor),ECU;PER,ECU;PER,acuerdo_limites,Acta Presidencial de Brasilia,"Cierra la disputa tras guerras de 1941, 1981 y 1995 (Cenepa).",Alta,SRC_ACADEMIC_HIST,CONOC_EXPERTO
TC053,1904-10-20,,Litoral boliviano (Antofagasta),BOL,CHL,cesion_tratado_posguerra,Tratado de Paz y Amistad 1904; CIJ 2018 rechazó obligación de negociar acceso soberano,Consecuencia de la Guerra del Pacífico (1879-1884); Bolivia sin litoral.,Alta,SRC_ACADEMIC_HIST,CONOC_EXPERTO
TC054,1935-06-12,1938-07-21,Chaco Boreal,BOL,PRY,conquista_tratado,"Tratado de Paz, Amistad y Límites 1938",Guerra del Chaco.,Alta,SRC_ACADEMIC_HIST,CONOC_EXPERTO
TC055,1899-10-03,,Guayana Esequiba,VEN,GUY,disputa_territorial,Laudo de París 1899 impugnado por Venezuela; Acuerdo de Ginebra 1966; caso ante la CIJ (desde 2018); referéndum venezolano 03-12-2023,,Alta,SRC_ACADEMIC_HIST,CONOC_EXPERTO
TC056,1940-03-13,1947-02-10,"Carelia, Petsamo",FIN,RUS,cesion_tratado_posguerra,Tratado de Moscú 1940; Tratado de París 1947,Guerra de Invierno y Guerra de Continuación.,Alta,SRC_ACADEMIC_HIST,CONOC_EXPERTO
TC057,1940-06-17,1991-09-06,Estados bálticos,EST;LVA;LTU,RUS,ocupacion_anexion_revertida,Ocupación soviética no reconocida por muchos estados occidentales; restauración de independencia 1990-1991,,Alta,SRC_ACADEMIC_HIST,CONOC_EXPERTO
TC058,1939-06-29,1939-06-29,Hatay (Alejandreta),SYR,TUR,anexion_tratado_mandato,Cesión de la Francia mandataria; Siria no reconoce,,Alta,SRC_ACADEMIC_HIST,CONOC_EXPERTO
TC059,1949-10-01,,Taiwán,CHN,TWN,division_postguerra_civil,La RPC reclama soberanía; reconocimiento diplomático de la RDC limitado; Res. AGNU 2758 (1971) transfirió el asiento chino a la RPC,Retirada del gobierno de la República de China a Taiwán tras la guerra civil.,Alta,SRC_ACADEMIC_HIST,CONOC_EXPERTO
TC060,1953-07-27,,Península de Corea,KOR;PRK,KOR;PRK,armisticio_division,Acuerdo de Armisticio de Corea; sin tratado de paz,Zona desmilitarizada aprox. en el paralelo 38.,Alta,SRC_ACADEMIC_HIST,CONOC_EXPERTO
TC061,2025-05-22,,Archipiélago de Chagos (Diego García),GBR,MUS,transferencia_soberania_con_arrendamiento,Tratado Reino Unido-Mauricio firmado 22-05-2025; base de Diego García arrendada por 99 años; Opinión consultiva CIJ 2019,Ratificación y entrada en vigor pendientes de verificar a la fecha de corte.,Media,SRC_ACADEMIC_HIST,CONOC_EXPERTO
SYS0001,1816-01-01,,United States of America,,USA,periodo_miembro_sistema_interestatal_COW,Criterios COW de pertenencia al sistema,"United States of America (USA, COW 2) miembro del sistema interestatal",Alta,SRC_COW_STATES,DATASET
SYS0002,1920-01-10,,Canada,,CAN,periodo_miembro_sistema_interestatal_COW,Criterios COW de pertenencia al sistema,"Canada (CAN, COW 20) miembro del sistema interestatal",Alta,SRC_COW_STATES,DATASET
SYS0003,1973-07-10,,Bahamas,,BHS,periodo_miembro_sistema_interestatal_COW,Criterios COW de pertenencia al sistema,"Bahamas (BHM, COW 31) miembro del sistema interestatal",Alta,SRC_COW_STATES,DATASET
SYS0004,1902-05-20,1906-09-25,Cuba,,CUB,periodo_miembro_sistema_interestatal_COW,Criterios COW de pertenencia al sistema,"Cuba (CUB, COW 40) miembro del sistema interestatal hasta 1906 (pérdida de independencia, ocupación o unificación)",Alta,SRC_COW_STATES,DATASET
SYS0005,1909-01-23,,Cuba,,CUB,periodo_miembro_sistema_interestatal_COW,Criterios COW de pertenencia al sistema,"Cuba (CUB, COW 40) miembro del sistema interestatal",Alta,SRC_COW_STATES,DATASET
SYS0006,1859-01-01,1915-07-28,Haiti,,HTI,periodo_miembro_sistema_interestatal_COW,Criterios COW de pertenencia al sistema,"Haiti (HAI, COW 41) miembro del sistema interestatal hasta 1915 (pérdida de independencia, ocupación o unificación)",Alta,SRC_COW_STATES,DATASET
SYS0007,1934-08-15,,Haiti,,HTI,periodo_miembro_sistema_interestatal_COW,Criterios COW de pertenencia al sistema,"Haiti (HAI, COW 41) miembro del sistema interestatal",Alta,SRC_COW_STATES,DATASET
SYS0008,1894-01-01,1916-11-29,Dominican Republic,,DOM,periodo_miembro_sistema_interestatal_COW,Criterios COW de pertenencia al sistema,"Dominican Republic (DOM, COW 42) miembro del sistema interestatal hasta 1916 (pérdida de independencia, ocupación o unificación)",Alta,SRC_COW_STATES,DATASET
SYS0009,1924-09-29,,Dominican Republic,,DOM,periodo_miembro_sistema_interestatal_COW,Criterios COW de pertenencia al sistema,"Dominican Republic (DOM, COW 42) miembro del sistema interestatal",Alta,SRC_COW_STATES,DATASET
SYS0010,1962-08-06,,Jamaica,,JAM,periodo_miembro_sistema_interestatal_COW,Criterios COW de pertenencia al sistema,"Jamaica (JAM, COW 51) miembro del sistema interestatal",Alta,SRC_COW_STATES,DATASET
SYS0011,1962-08-31,,Trinidad and Tobago,,TTO,periodo_miembro_sistema_interestatal_COW,Criterios COW de pertenencia al sistema,"Trinidad and Tobago (TRI, COW 52) miembro del sistema interestatal",Alta,SRC_COW_STATES,DATASET
SYS0012,1966-11-30,,Barbados,,BRB,periodo_miembro_sistema_interestatal_COW,Criterios COW de pertenencia al sistema,"Barbados (BAR, COW 53) miembro del sistema interestatal",Alta,SRC_COW_STATES,DATASET
SYS0013,1978-11-03,,Dominica,,DMA,periodo_miembro_sistema_interestatal_COW,Criterios COW de pertenencia al sistema,"Dominica (DMA, COW 54) miembro del sistema interestatal",Alta,SRC_COW_STATES,DATASET
SYS0014,1974-02-07,,Grenada,,GRD,periodo_miembro_sistema_interestatal_COW,Criterios COW de pertenencia al sistema,"Grenada (GRN, COW 55) miembro del sistema interestatal",Alta,SRC_COW_STATES,DATASET
SYS0015,1979-02-22,,St. Lucia,,LCA,periodo_miembro_sistema_interestatal_COW,Criterios COW de pertenencia al sistema,"St. Lucia (SLU, COW 56) miembro del sistema interestatal",Alta,SRC_COW_STATES,DATASET
SYS0016,1979-10-27,,St. Vincent and the Grenadines,,VCT,periodo_miembro_sistema_interestatal_COW,Criterios COW de pertenencia al sistema,"St. Vincent and the Grenadines (SVG, COW 57) miembro del sistema interestatal",Alta,SRC_COW_STATES,DATASET
SYS0017,1981-11-01,,Antigua & Barbuda,,ATG,periodo_miembro_sistema_interestatal_COW,Criterios COW de pertenencia al sistema,"Antigua & Barbuda (AAB, COW 58) miembro del sistema interestatal",Alta,SRC_COW_STATES,DATASET
SYS0018,1983-09-19,,St. Kitts and Nevis,,KNA,periodo_miembro_sistema_interestatal_COW,Criterios COW de pertenencia al sistema,"St. Kitts and Nevis (SKN, COW 60) miembro del sistema interestatal",Alta,SRC_COW_STATES,DATASET
SYS0019,1831-01-01,,Mexico,,MEX,periodo_miembro_sistema_interestatal_COW,Criterios COW de pertenencia al sistema,"Mexico (MEX, COW 70) miembro del sistema interestatal",Alta,SRC_COW_STATES,DATASET
SYS0020,1981-09-21,,Belize,,BLZ,periodo_miembro_sistema_interestatal_COW,Criterios COW de pertenencia al sistema,"Belize (BLZ, COW 80) miembro del sistema interestatal",Alta,SRC_COW_STATES,DATASET
SYS0021,1868-01-01,,Guatemala,,GTM,periodo_miembro_sistema_interestatal_COW,Criterios COW de pertenencia al sistema,"Guatemala (GUA, COW 90) miembro del sistema interestatal",Alta,SRC_COW_STATES,DATASET
SYS0022,1899-01-01,,Honduras,,HND,periodo_miembro_sistema_interestatal_COW,Criterios COW de pertenencia al sistema,"Honduras (HON, COW 91) miembro del sistema interestatal",Alta,SRC_COW_STATES,DATASET
SYS0023,1875-01-01,,El Salvador,,SLV,periodo_miembro_sistema_interestatal_COW,Criterios COW de pertenencia al sistema,"El Salvador (SAL, COW 92) miembro del sistema interestatal",Alta,SRC_COW_STATES,DATASET
SYS0024,1900-01-01,,Nicaragua,,NIC,periodo_miembro_sistema_interestatal_COW,Criterios COW de pertenencia al sistema,"Nicaragua (NIC, COW 93) miembro del sistema interestatal",Alta,SRC_COW_STATES,DATASET
SYS0025,1920-01-01,,Costa Rica,,CRI,periodo_miembro_sistema_interestatal_COW,Criterios COW de pertenencia al sistema,"Costa Rica (COS, COW 94) miembro del sistema interestatal",Alta,SRC_COW_STATES,DATASET
SYS0026,1903-11-03,,Panama,,PAN,periodo_miembro_sistema_interestatal_COW,Criterios COW de pertenencia al sistema,"Panama (PAN, COW 95) miembro del sistema interestatal",Alta,SRC_COW_STATES,DATASET
SYS0027,1831-01-01,,Colombia,,COL,periodo_miembro_sistema_interestatal_COW,Criterios COW de pertenencia al sistema,"Colombia (COL, COW 100) miembro del sistema interestatal",Alta,SRC_COW_STATES,DATASET
SYS0028,1841-01-01,,Venezuela,,VEN,periodo_miembro_sistema_interestatal_COW,Criterios COW de pertenencia al sistema,"Venezuela (VEN, COW 101) miembro del sistema interestatal",Alta,SRC_COW_STATES,DATASET
SYS0029,1966-05-26,,Guyana,,GUY,periodo_miembro_sistema_interestatal_COW,Criterios COW de pertenencia al sistema,"Guyana (GUY, COW 110) miembro del sistema interestatal",Alta,SRC_COW_STATES,DATASET
SYS0030,1975-11-25,,Suriname,,SUR,periodo_miembro_sistema_interestatal_COW,Criterios COW de pertenencia al sistema,"Suriname (SUR, COW 115) miembro del sistema interestatal",Alta,SRC_COW_STATES,DATASET
SYS0031,1854-01-01,,Ecuador,,ECU,periodo_miembro_sistema_interestatal_COW,Criterios COW de pertenencia al sistema,"Ecuador (ECU, COW 130) miembro del sistema interestatal",Alta,SRC_COW_STATES,DATASET
SYS0032,1839-01-01,,Peru,,PER,periodo_miembro_sistema_interestatal_COW,Criterios COW de pertenencia al sistema,"Peru (PER, COW 135) miembro del sistema interestatal",Alta,SRC_COW_STATES,DATASET
SYS0033,1822-09-07,,Brazil,,BRA,periodo_miembro_sistema_interestatal_COW,Criterios COW de pertenencia al sistema,"Brazil (BRA, COW 140) miembro del sistema interestatal",Alta,SRC_COW_STATES,DATASET
SYS0034,1848-01-01,,Bolivia,,BOL,periodo_miembro_sistema_interestatal_COW,Criterios COW de pertenencia al sistema,"Bolivia (BOL, COW 145) miembro del sistema interestatal",Alta,SRC_COW_STATES,DATASET
SYS0035,1846-01-01,1870-06-20,Paraguay,,PRY,periodo_miembro_sistema_interestatal_COW,Criterios COW de pertenencia al sistema,"Paraguay (PAR, COW 150) miembro del sistema interestatal hasta 1870 (pérdida de independencia, ocupación o unificación)",Alta,SRC_COW_STATES,DATASET
SYS0036,1876-06-22,,Paraguay,,PRY,periodo_miembro_sistema_interestatal_COW,Criterios COW de pertenencia al sistema,"Paraguay (PAR, COW 150) miembro del sistema interestatal",Alta,SRC_COW_STATES,DATASET
SYS0037,1839-01-01,,Chile,,CHL,periodo_miembro_sistema_interestatal_COW,Criterios COW de pertenencia al sistema,"Chile (CHL, COW 155) miembro del sistema interestatal",Alta,SRC_COW_STATES,DATASET
SYS0038,1841-01-01,,Argentina,,ARG,periodo_miembro_sistema_interestatal_COW,Criterios COW de pertenencia al sistema,"Argentina (ARG, COW 160) miembro del sistema interestatal",Alta,SRC_COW_STATES,DATASET
SYS0039,1882-01-01,,Uruguay,,URY,periodo_miembro_sistema_interestatal_COW,Criterios COW de pertenencia al sistema,"Uruguay (URU, COW 165) miembro del sistema interestatal",Alta,SRC_COW_STATES,DATASET
SYS0040,1816-01-01,,United Kingdom,,GBR,periodo_miembro_sistema_interestatal_COW,Criterios COW de pertenencia al sistema,"United Kingdom (UKG, COW 200) miembro del sistema interestatal",Alta,SRC_COW_STATES,DATASET
SYS0041,1922-12-06,,Ireland,,IRL,periodo_miembro_sistema_interestatal_COW,Criterios COW de pertenencia al sistema,"Ireland (IRE, COW 205) miembro del sistema interestatal",Alta,SRC_COW_STATES,DATASET
SYS0042,1816-01-01,1940-07-14,Netherlands,,NLD,periodo_miembro_sistema_interestatal_COW,Criterios COW de pertenencia al sistema,"Netherlands (NTH, COW 210) miembro del sistema interestatal hasta 1940 (pérdida de independencia, ocupación o unificación)",Alta,SRC_COW_STATES,DATASET
SYS0043,1945-06-26,,Netherlands,,NLD,periodo_miembro_sistema_interestatal_COW,Criterios COW de pertenencia al sistema,"Netherlands (NTH, COW 210) miembro del sistema interestatal",Alta,SRC_COW_STATES,DATASET
SYS0044,1830-12-20,1940-05-28,Belgium,,BEL,periodo_miembro_sistema_interestatal_COW,Criterios COW de pertenencia al sistema,"Belgium (BEL, COW 211) miembro del sistema interestatal hasta 1940 (pérdida de independencia, ocupación o unificación)",Alta,SRC_COW_STATES,DATASET
SYS0045,1945-06-26,,Belgium,,BEL,periodo_miembro_sistema_interestatal_COW,Criterios COW de pertenencia al sistema,"Belgium (BEL, COW 211) miembro del sistema interestatal",Alta,SRC_COW_STATES,DATASET
SYS0046,1920-11-15,1940-05-10,Luxembourg,,LUX,periodo_miembro_sistema_interestatal_COW,Criterios COW de pertenencia al sistema,"Luxembourg (LUX, COW 212) miembro del sistema interestatal hasta 1940 (pérdida de independencia, ocupación o unificación)",Alta,SRC_COW_STATES,DATASET
SYS0047,1944-09-10,,Luxembourg,,LUX,periodo_miembro_sistema_interestatal_COW,Criterios COW de pertenencia al sistema,"Luxembourg (LUX, COW 212) miembro del sistema interestatal",Alta,SRC_COW_STATES,DATASET
SYS0048,1816-01-01,1942-11-11,France,,FRA,periodo_miembro_sistema_interestatal_COW,Criterios COW de pertenencia al sistema,"France (FRN, COW 220) miembro del sistema interestatal hasta 1942 (pérdida de independencia, ocupación o unificación)",Alta,SRC_COW_STATES,DATASET
SYS0049,1944-08-25,,France,,FRA,periodo_miembro_sistema_interestatal_COW,Criterios COW de pertenencia al sistema,"France (FRN, COW 220) miembro del sistema interestatal",Alta,SRC_COW_STATES,DATASET
SYS0050,1993-05-28,,Monaco,,MCO,periodo_miembro_sistema_interestatal_COW,Criterios COW de pertenencia al sistema,"Monaco (MNC, COW 221) miembro del sistema interestatal",Alta,SRC_COW_STATES,DATASET
SYS0051,1990-09-18,,Liechtenstein,,LIE,periodo_miembro_sistema_interestatal_COW,Criterios COW de pertenencia al sistema,"Liechtenstein (LIE, COW 223) miembro del sistema interestatal",Alta,SRC_COW_STATES,DATASET
SYS0052,1816-01-01,,Switzerland,,CHE,periodo_miembro_sistema_interestatal_COW,Criterios COW de pertenencia al sistema,"Switzerland (SWZ, COW 225) miembro del sistema interestatal",Alta,SRC_COW_STATES,DATASET
SYS0053,1816-01-01,,Spain,,ESP,periodo_miembro_sistema_interestatal_COW,Criterios COW de pertenencia al sistema,"Spain (SPN, COW 230) miembro del sistema interestatal",Alta,SRC_COW_STATES,DATASET
SYS0054,1993-07-28,,Andorra,,AND,periodo_miembro_sistema_interestatal_COW,Criterios COW de pertenencia al sistema,"Andorra (AND, COW 232) miembro del sistema interestatal",Alta,SRC_COW_STATES,DATASET
SYS0055,1816-01-01,,Portugal,,PRT,periodo_miembro_sistema_interestatal_COW,Criterios COW de pertenencia al sistema,"Portugal (POR, COW 235) miembro del sistema interestatal",Alta,SRC_COW_STATES,DATASET
SYS0056,1837-06-20,1866-07-26,Hanover,,HVR,periodo_miembro_sistema_interestatal_COW,Criterios COW de pertenencia al sistema,"Hanover (HAN, COW 240) miembro del sistema interestatal hasta 1866 (pérdida de independencia, ocupación o unificación)",Alta,SRC_COW_STATES,DATASET
SYS0057,1816-01-01,1871-01-18,Bavaria,,BVR,periodo_miembro_sistema_interestatal_COW,Criterios COW de pertenencia al sistema,"Bavaria (BAV, COW 245) miembro del sistema interestatal hasta 1871 (pérdida de independencia, ocupación o unificación)",Alta,SRC_COW_STATES,DATASET
SYS0058,1816-01-01,1945-05-08,Germany,,DEU,periodo_miembro_sistema_interestatal_COW,Criterios COW de pertenencia al sistema,"Germany (GMY, COW 255) miembro del sistema interestatal hasta 1945 (pérdida de independencia, ocupación o unificación)",Alta,SRC_COW_STATES,DATASET
SYS0059,1990-10-03,,Germany,,DEU,periodo_miembro_sistema_interestatal_COW,Criterios COW de pertenencia al sistema,"Germany (GMY, COW 255) miembro del sistema interestatal",Alta,SRC_COW_STATES,DATASET
SYS0060,1955-05-05,1990-10-02,German Federal Republic,,DEU,periodo_miembro_sistema_interestatal_COW,Criterios COW de pertenencia al sistema,"German Federal Republic (GFR, COW 260) miembro del sistema interestatal hasta 1990 (pérdida de independencia, ocupación o unificación)",Alta,SRC_COW_STATES,DATASET
SYS0061,1954-03-25,1990-10-02,German Democratic Republic,,DDR,periodo_miembro_sistema_interestatal_COW,Criterios COW de pertenencia al sistema,"German Democratic Republic (GDR, COW 265) miembro del sistema interestatal hasta 1990 (pérdida de independencia, ocupación o unificación)",Alta,SRC_COW_STATES,DATASET
SYS0062,1816-01-01,1871-01-18,Baden,,BDN,periodo_miembro_sistema_interestatal_COW,Criterios COW de pertenencia al sistema,"Baden (BAD, COW 267) miembro del sistema interestatal hasta 1871 (pérdida de independencia, ocupación o unificación)",Alta,SRC_COW_STATES,DATASET
SYS0063,1816-01-01,1867-04-17,Saxony,,SXN,periodo_miembro_sistema_interestatal_COW,Criterios COW de pertenencia al sistema,"Saxony (SAX, COW 269) miembro del sistema interestatal hasta 1867 (pérdida de independencia, ocupación o unificación)",Alta,SRC_COW_STATES,DATASET
SYS0064,1816-01-01,1871-01-18,Wuerttemburg,,WRG,periodo_miembro_sistema_interestatal_COW,Criterios COW de pertenencia al sistema,"Wuerttemburg (WRT, COW 271) miembro del sistema interestatal hasta 1871 (pérdida de independencia, ocupación o unificación)",Alta,SRC_COW_STATES,DATASET
SYS0065,1816-01-01,1866-07-26,Hesse Electoral,,HKS,periodo_miembro_sistema_interestatal_COW,Criterios COW de pertenencia al sistema,"Hesse Electoral (HSE, COW 273) miembro del sistema interestatal hasta 1866 (pérdida de independencia, ocupación o unificación)",Alta,SRC_COW_STATES,DATASET
SYS0066,1816-01-01,1867-04-17,Hesse Grand Ducal,,HDM,periodo_miembro_sistema_interestatal_COW,Criterios COW de pertenencia al sistema,"Hesse Grand Ducal (HSG, COW 275) miembro del sistema interestatal hasta 1867 (pérdida de independencia, ocupación o unificación)",Alta,SRC_COW_STATES,DATASET
SYS0067,1843-01-01,1867-04-17,Mecklenburg Schwerin,,MCL,periodo_miembro_sistema_interestatal_COW,Criterios COW de pertenencia al sistema,"Mecklenburg Schwerin (MEC, COW 280) miembro del sistema interestatal hasta 1867 (pérdida de independencia, ocupación o unificación)",Alta,SRC_COW_STATES,DATASET
SYS0068,1918-11-03,1939-09-27,Poland,,POL,periodo_miembro_sistema_interestatal_COW,Criterios COW de pertenencia al sistema,"Poland (POL, COW 290) miembro del sistema interestatal hasta 1939 (pérdida de independencia, ocupación o unificación)",Alta,SRC_COW_STATES,DATASET
SYS0069,1945-06-28,,Poland,,POL,periodo_miembro_sistema_interestatal_COW,Criterios COW de pertenencia al sistema,"Poland (POL, COW 290) miembro del sistema interestatal",Alta,SRC_COW_STATES,DATASET
SYS0070,1816-01-01,1918-11-12,Austria-Hungary,,AUT,periodo_miembro_sistema_interestatal_COW,Criterios COW de pertenencia al sistema,"Austria-Hungary (AUH, COW 300) miembro del sistema interestatal hasta 1918 (pérdida de independencia, ocupación o unificación)",Alta,SRC_COW_STATES,DATASET
SYS0071,1919-09-10,1938-03-13,Austria,,AUT,periodo_miembro_sistema_interestatal_COW,Criterios COW de pertenencia al sistema,"Austria (AUS, COW 305) miembro del sistema interestatal hasta 1938 (pérdida de independencia, ocupación o unificación)",Alta,SRC_COW_STATES,DATASET
SYS0072,1955-07-27,,Austria,,AUT,periodo_miembro_sistema_interestatal_COW,Criterios COW de pertenencia al sistema,"Austria (AUS, COW 305) miembro del sistema interestatal",Alta,SRC_COW_STATES,DATASET
SYS0073,1918-11-16,,Hungary,,HUN,periodo_miembro_sistema_interestatal_COW,Criterios COW de pertenencia al sistema,"Hungary (HUN, COW 310) miembro del sistema interestatal",Alta,SRC_COW_STATES,DATASET
SYS0074,1918-10-28,1939-03-15,Czechoslovakia,,CZE,periodo_miembro_sistema_interestatal_COW,Criterios COW de pertenencia al sistema,"Czechoslovakia (CZE, COW 315) miembro del sistema interestatal hasta 1939 (pérdida de independencia, ocupación o unificación)",Alta,SRC_COW_STATES,DATASET
SYS0075,1945-05-10,1992-12-31,Czechoslovakia,,CZE,periodo_miembro_sistema_interestatal_COW,Criterios COW de pertenencia al sistema,"Czechoslovakia (CZE, COW 315) miembro del sistema interestatal hasta 1992 (pérdida de independencia, ocupación o unificación)",Alta,SRC_COW_STATES,DATASET
SYS0076,1993-01-01,,Czech Republic,,CZE,periodo_miembro_sistema_interestatal_COW,Criterios COW de pertenencia al sistema,"Czech Republic (CZR, COW 316) miembro del sistema interestatal",Alta,SRC_COW_STATES,DATASET
SYS0077,1993-01-01,,Slovakia,,SVK,periodo_miembro_sistema_interestatal_COW,Criterios COW de pertenencia al sistema,"Slovakia (SLO, COW 317) miembro del sistema interestatal",Alta,SRC_COW_STATES,DATASET
SYS0078,1816-01-01,,Italy,,ITA,periodo_miembro_sistema_interestatal_COW,Criterios COW de pertenencia al sistema,"Italy (ITA, COW 325) miembro del sistema interestatal",Alta,SRC_COW_STATES,DATASET
SYS0079,1816-01-01,1860-11-05,Papal States,,PPS,periodo_miembro_sistema_interestatal_COW,Criterios COW de pertenencia al sistema,"Papal States (PAP, COW 327) miembro del sistema interestatal hasta 1860 (pérdida de independencia, ocupación o unificación)",Alta,SRC_COW_STATES,DATASET
SYS0080,1816-01-01,1861-02-13,Two Sicilies,,TWS,periodo_miembro_sistema_interestatal_COW,Criterios COW de pertenencia al sistema,"Two Sicilies (SIC, COW 329) miembro del sistema interestatal hasta 1861 (pérdida de independencia, ocupación o unificación)",Alta,SRC_COW_STATES,DATASET
SYS0081,1992-03-02,,San Marino,,SMR,periodo_miembro_sistema_interestatal_COW,Criterios COW de pertenencia al sistema,"San Marino (SNM, COW 331) miembro del sistema interestatal",Alta,SRC_COW_STATES,DATASET
SYS0082,1842-01-01,1860-03-15,Modena,,MDN,periodo_miembro_sistema_interestatal_COW,Criterios COW de pertenencia al sistema,"Modena (MOD, COW 332) miembro del sistema interestatal hasta 1860 (pérdida de independencia, ocupación o unificación)",Alta,SRC_COW_STATES,DATASET
SYS0083,1851-01-01,1860-03-15,Parma,,PRM,periodo_miembro_sistema_interestatal_COW,Criterios COW de pertenencia al sistema,"Parma (PMA, COW 335) miembro del sistema interestatal hasta 1860 (pérdida de independencia, ocupación o unificación)",Alta,SRC_COW_STATES,DATASET
SYS0084,1816-01-01,1860-03-15,Tuscany,,TSC,periodo_miembro_sistema_interestatal_COW,Criterios COW de pertenencia al sistema,"Tuscany (TUS, COW 337) miembro del sistema interestatal hasta 1860 (pérdida de independencia, ocupación o unificación)",Alta,SRC_COW_STATES,DATASET
SYS0085,1964-09-21,,Malta,,MLT,periodo_miembro_sistema_interestatal_COW,Criterios COW de pertenencia al sistema,"Malta (MLT, COW 338) miembro del sistema interestatal",Alta,SRC_COW_STATES,DATASET
SYS0086,1914-01-01,1939-04-07,Albania,,ALB,periodo_miembro_sistema_interestatal_COW,Criterios COW de pertenencia al sistema,"Albania (ALB, COW 339) miembro del sistema interestatal hasta 1939 (pérdida de independencia, ocupación o unificación)",Alta,SRC_COW_STATES,DATASET
SYS0087,1944-11-17,,Albania,,ALB,periodo_miembro_sistema_interestatal_COW,Criterios COW de pertenencia al sistema,"Albania (ALB, COW 339) miembro del sistema interestatal",Alta,SRC_COW_STATES,DATASET
SYS0088,2006-06-12,,Montenegro,,MNE,periodo_miembro_sistema_interestatal_COW,Criterios COW de pertenencia al sistema,"Montenegro (MNG, COW 341) miembro del sistema interestatal",Alta,SRC_COW_STATES,DATASET
SYS0089,1993-04-08,,Macedonia,,MKD,periodo_miembro_sistema_interestatal_COW,Criterios COW de pertenencia al sistema,"Macedonia (MAC, COW 343) miembro del sistema interestatal",Alta,SRC_COW_STATES,DATASET
SYS0090,1992-01-15,,Croatia,,HRV,periodo_miembro_sistema_interestatal_COW,Criterios COW de pertenencia al sistema,"Croatia (CRO, COW 344) miembro del sistema interestatal",Alta,SRC_COW_STATES,DATASET
SYS0091,1878-07-13,1941-04-20,Yugoslavia,,SRB,periodo_miembro_sistema_interestatal_COW,Criterios COW de pertenencia al sistema,"Yugoslavia (YUG, COW 345) miembro del sistema interestatal hasta 1941 (pérdida de independencia, ocupación o unificación)",Alta,SRC_COW_STATES,DATASET
SYS0092,1944-10-20,,Yugoslavia,,SRB,periodo_miembro_sistema_interestatal_COW,Criterios COW de pertenencia al sistema,"Yugoslavia (YUG, COW 345) miembro del sistema interestatal",Alta,SRC_COW_STATES,DATASET
SYS0093,1992-04-07,,Bosnia and Herzegovina,,BIH,periodo_miembro_sistema_interestatal_COW,Criterios COW de pertenencia al sistema,"Bosnia and Herzegovina (BOS, COW 346) miembro del sistema interestatal",Alta,SRC_COW_STATES,DATASET
SYS0094,2008-02-20,,Kosovo,,XKX,periodo_miembro_sistema_interestatal_COW,Criterios COW de pertenencia al sistema,"Kosovo (KOS, COW 347) miembro del sistema interestatal",Alta,SRC_COW_STATES,DATASET
SYS0095,1992-01-15,,Slovenia,,SVN,periodo_miembro_sistema_interestatal_COW,Criterios COW de pertenencia al sistema,"Slovenia (SLV, COW 349) miembro del sistema interestatal",Alta,SRC_COW_STATES,DATASET
SYS0096,1828-01-01,1941-04-23,Greece,,GRC,periodo_miembro_sistema_interestatal_COW,Criterios COW de pertenencia al sistema,"Greece (GRC, COW 350) miembro del sistema interestatal hasta 1941 (pérdida de independencia, ocupación o unificación)",Alta,SRC_COW_STATES,DATASET
SYS0097,1944-10-13,,Greece,,GRC,periodo_miembro_sistema_interestatal_COW,Criterios COW de pertenencia al sistema,"Greece (GRC, COW 350) miembro del sistema interestatal",Alta,SRC_COW_STATES,DATASET
SYS0098,1960-08-16,,Cyprus,,CYP,periodo_miembro_sistema_interestatal_COW,Criterios COW de pertenencia al sistema,"Cyprus (CYP, COW 352) miembro del sistema interestatal",Alta,SRC_COW_STATES,DATASET
SYS0099,1908-10-05,,Bulgaria,,BGR,periodo_miembro_sistema_interestatal_COW,Criterios COW de pertenencia al sistema,"Bulgaria (BUL, COW 355) miembro del sistema interestatal",Alta,SRC_COW_STATES,DATASET
SYS0100,1991-12-26,,Moldova,,MDA,periodo_miembro_sistema_interestatal_COW,Criterios COW de pertenencia al sistema,"Moldova (MLD, COW 359) miembro del sistema interestatal",Alta,SRC_COW_STATES,DATASET
SYS0101,1878-07-13,,Romania,,ROU,periodo_miembro_sistema_interestatal_COW,Criterios COW de pertenencia al sistema,"Romania (ROM, COW 360) miembro del sistema interestatal",Alta,SRC_COW_STATES,DATASET
SYS0102,1816-01-01,,Russia,,RUS,periodo_miembro_sistema_interestatal_COW,Criterios COW de pertenencia al sistema,"Russia (RUS, COW 365) miembro del sistema interestatal",Alta,SRC_COW_STATES,DATASET
SYS0103,1918-02-24,1940-06-16,Estonia,,EST,periodo_miembro_sistema_interestatal_COW,Criterios COW de pertenencia al sistema,"Estonia (EST, COW 366) miembro del sistema interestatal hasta 1940 (pérdida de independencia, ocupación o unificación)",Alta,SRC_COW_STATES,DATASET
SYS0104,1991-09-06,,Estonia,,EST,periodo_miembro_sistema_interestatal_COW,Criterios COW de pertenencia al sistema,"Estonia (EST, COW 366) miembro del sistema interestatal",Alta,SRC_COW_STATES,DATASET
SYS0105,1918-11-18,1940-06-16,Latvia,,LVA,periodo_miembro_sistema_interestatal_COW,Criterios COW de pertenencia al sistema,"Latvia (LAT, COW 367) miembro del sistema interestatal hasta 1940 (pérdida de independencia, ocupación o unificación)",Alta,SRC_COW_STATES,DATASET
SYS0106,1991-09-06,,Latvia,,LVA,periodo_miembro_sistema_interestatal_COW,Criterios COW de pertenencia al sistema,"Latvia (LAT, COW 367) miembro del sistema interestatal",Alta,SRC_COW_STATES,DATASET
SYS0107,1918-02-16,1940-06-15,Lithuania,,LTU,periodo_miembro_sistema_interestatal_COW,Criterios COW de pertenencia al sistema,"Lithuania (LIT, COW 368) miembro del sistema interestatal hasta 1940 (pérdida de independencia, ocupación o unificación)",Alta,SRC_COW_STATES,DATASET
SYS0108,1991-09-06,,Lithuania,,LTU,periodo_miembro_sistema_interestatal_COW,Criterios COW de pertenencia al sistema,"Lithuania (LIT, COW 368) miembro del sistema interestatal",Alta,SRC_COW_STATES,DATASET
SYS0109,1991-12-26,,Ukraine,,UKR,periodo_miembro_sistema_interestatal_COW,Criterios COW de pertenencia al sistema,"Ukraine (UKR, COW 369) miembro del sistema interestatal",Alta,SRC_COW_STATES,DATASET
SYS0110,1991-12-26,,Belarus,,BLR,periodo_miembro_sistema_interestatal_COW,Criterios COW de pertenencia al sistema,"Belarus (BLR, COW 370) miembro del sistema interestatal",Alta,SRC_COW_STATES,DATASET
SYS0111,1991-12-26,,Armenia,,ARM,periodo_miembro_sistema_interestatal_COW,Criterios COW de pertenencia al sistema,"Armenia (ARM, COW 371) miembro del sistema interestatal",Alta,SRC_COW_STATES,DATASET
SYS0112,1991-12-26,,Georgia,,GEO,periodo_miembro_sistema_interestatal_COW,Criterios COW de pertenencia al sistema,"Georgia (GRG, COW 372) miembro del sistema interestatal",Alta,SRC_COW_STATES,DATASET
SYS0113,1991-12-26,,Azerbaijan,,AZE,periodo_miembro_sistema_interestatal_COW,Criterios COW de pertenencia al sistema,"Azerbaijan (AZE, COW 373) miembro del sistema interestatal",Alta,SRC_COW_STATES,DATASET
SYS0114,1917-12-06,,Finland,,FIN,periodo_miembro_sistema_interestatal_COW,Criterios COW de pertenencia al sistema,"Finland (FIN, COW 375) miembro del sistema interestatal",Alta,SRC_COW_STATES,DATASET
SYS0115,1816-01-01,,Sweden,,SWE,periodo_miembro_sistema_interestatal_COW,Criterios COW de pertenencia al sistema,"Sweden (SWD, COW 380) miembro del sistema interestatal",Alta,SRC_COW_STATES,DATASET
SYS0116,1905-06-07,1940-04-30,Norway,,NOR,periodo_miembro_sistema_interestatal_COW,Criterios COW de pertenencia al sistema,"Norway (NOR, COW 385) miembro del sistema interestatal hasta 1940 (pérdida de independencia, ocupación o unificación)",Alta,SRC_COW_STATES,DATASET
SYS0117,1945-05-07,,Norway,,NOR,periodo_miembro_sistema_interestatal_COW,Criterios COW de pertenencia al sistema,"Norway (NOR, COW 385) miembro del sistema interestatal",Alta,SRC_COW_STATES,DATASET
SYS0118,1816-01-01,1940-04-09,Denmark,,DNK,periodo_miembro_sistema_interestatal_COW,Criterios COW de pertenencia al sistema,"Denmark (DEN, COW 390) miembro del sistema interestatal hasta 1940 (pérdida de independencia, ocupación o unificación)",Alta,SRC_COW_STATES,DATASET
SYS0119,1945-05-07,,Denmark,,DNK,periodo_miembro_sistema_interestatal_COW,Criterios COW de pertenencia al sistema,"Denmark (DEN, COW 390) miembro del sistema interestatal",Alta,SRC_COW_STATES,DATASET
SYS0120,1944-06-17,,Iceland,,ISL,periodo_miembro_sistema_interestatal_COW,Criterios COW de pertenencia al sistema,"Iceland (ICE, COW 395) miembro del sistema interestatal",Alta,SRC_COW_STATES,DATASET
SYS0121,1975-07-05,,Cape Verde,,CPV,periodo_miembro_sistema_interestatal_COW,Criterios COW de pertenencia al sistema,"Cape Verde (CAP, COW 402) miembro del sistema interestatal",Alta,SRC_COW_STATES,DATASET
SYS0122,1975-07-12,,Sao Tome and Principe,,STP,periodo_miembro_sistema_interestatal_COW,Criterios COW de pertenencia al sistema,"Sao Tome and Principe (STP, COW 403) miembro del sistema interestatal",Alta,SRC_COW_STATES,DATASET
SYS0123,1974-09-10,,Guinea-Bissau,,GNB,periodo_miembro_sistema_interestatal_COW,Criterios COW de pertenencia al sistema,"Guinea-Bissau (GNB, COW 404) miembro del sistema interestatal",Alta,SRC_COW_STATES,DATASET
SYS0124,1968-10-12,,Equatorial Guinea,,GNQ,periodo_miembro_sistema_interestatal_COW,Criterios COW de pertenencia al sistema,"Equatorial Guinea (EQG, COW 411) miembro del sistema interestatal",Alta,SRC_COW_STATES,DATASET
SYS0125,1965-02-18,,Gambia,,GMB,periodo_miembro_sistema_interestatal_COW,Criterios COW de pertenencia al sistema,"Gambia (GAM, COW 420) miembro del sistema interestatal",Alta,SRC_COW_STATES,DATASET
SYS0126,1960-06-20,,Mali,,MLI,periodo_miembro_sistema_interestatal_COW,Criterios COW de pertenencia al sistema,"Mali (MLI, COW 432) miembro del sistema interestatal",Alta,SRC_COW_STATES,DATASET
SYS0127,1960-08-20,,Senegal,,SEN,periodo_miembro_sistema_interestatal_COW,Criterios COW de pertenencia al sistema,"Senegal (SEN, COW 433) miembro del sistema interestatal",Alta,SRC_COW_STATES,DATASET
SYS0128,1960-08-01,,Benin,,BEN,periodo_miembro_sistema_interestatal_COW,Criterios COW de pertenencia al sistema,"Benin (BEN, COW 434) miembro del sistema interestatal",Alta,SRC_COW_STATES,DATASET
SYS0129,1960-11-28,,Mauritania,,MRT,periodo_miembro_sistema_interestatal_COW,Criterios COW de pertenencia al sistema,"Mauritania (MAA, COW 435) miembro del sistema interestatal",Alta,SRC_COW_STATES,DATASET
SYS0130,1960-10-03,,Niger,,NER,periodo_miembro_sistema_interestatal_COW,Criterios COW de pertenencia al sistema,"Niger (NIR, COW 436) miembro del sistema interestatal",Alta,SRC_COW_STATES,DATASET
SYS0131,1960-08-07,,Ivory Coast,,CIV,periodo_miembro_sistema_interestatal_COW,Criterios COW de pertenencia al sistema,"Ivory Coast (CDI, COW 437) miembro del sistema interestatal",Alta,SRC_COW_STATES,DATASET
SYS0132,1958-10-02,,Guinea,,GIN,periodo_miembro_sistema_interestatal_COW,Criterios COW de pertenencia al sistema,"Guinea (GUI, COW 438) miembro del sistema interestatal",Alta,SRC_COW_STATES,DATASET
SYS0133,1960-08-05,,Burkina Faso,,BFA,periodo_miembro_sistema_interestatal_COW,Criterios COW de pertenencia al sistema,"Burkina Faso (BFO, COW 439) miembro del sistema interestatal",Alta,SRC_COW_STATES,DATASET
SYS0134,1920-06-30,,Liberia,,LBR,periodo_miembro_sistema_interestatal_COW,Criterios COW de pertenencia al sistema,"Liberia (LBR, COW 450) miembro del sistema interestatal",Alta,SRC_COW_STATES,DATASET
SYS0135,1961-04-27,,Sierra Leone,,SLE,periodo_miembro_sistema_interestatal_COW,Criterios COW de pertenencia al sistema,"Sierra Leone (SIE, COW 451) miembro del sistema interestatal",Alta,SRC_COW_STATES,DATASET
SYS0136,1957-03-06,,Ghana,,GHA,periodo_miembro_sistema_interestatal_COW,Criterios COW de pertenencia al sistema,"Ghana (GHA, COW 452) miembro del sistema interestatal",Alta,SRC_COW_STATES,DATASET
SYS0137,1960-04-27,,Togo,,TGO,periodo_miembro_sistema_interestatal_COW,Criterios COW de pertenencia al sistema,"Togo (TOG, COW 461) miembro del sistema interestatal",Alta,SRC_COW_STATES,DATASET
SYS0138,1960-01-01,,Cameroon,,CMR,periodo_miembro_sistema_interestatal_COW,Criterios COW de pertenencia al sistema,"Cameroon (CAO, COW 471) miembro del sistema interestatal",Alta,SRC_COW_STATES,DATASET
SYS0139,1960-10-01,,Nigeria,,NGA,periodo_miembro_sistema_interestatal_COW,Criterios COW de pertenencia al sistema,"Nigeria (NIG, COW 475) miembro del sistema interestatal",Alta,SRC_COW_STATES,DATASET
SYS0140,1960-08-17,,Gabon,,GAB,periodo_miembro_sistema_interestatal_COW,Criterios COW de pertenencia al sistema,"Gabon (GAB, COW 481) miembro del sistema interestatal",Alta,SRC_COW_STATES,DATASET
SYS0141,1960-08-13,,Central African Republic,,CAF,periodo_miembro_sistema_interestatal_COW,Criterios COW de pertenencia al sistema,"Central African Republic (CEN, COW 482) miembro del sistema interestatal",Alta,SRC_COW_STATES,DATASET
SYS0142,1960-08-11,,Chad,,TCD,periodo_miembro_sistema_interestatal_COW,Criterios COW de pertenencia al sistema,"Chad (CHA, COW 483) miembro del sistema interestatal",Alta,SRC_COW_STATES,DATASET
SYS0143,1960-08-15,,Congo,,COG,periodo_miembro_sistema_interestatal_COW,Criterios COW de pertenencia al sistema,"Congo (CON, COW 484) miembro del sistema interestatal",Alta,SRC_COW_STATES,DATASET
SYS0144,1960-06-30,,Democratic Republic of the Congo,,COD,periodo_miembro_sistema_interestatal_COW,Criterios COW de pertenencia al sistema,"Democratic Republic of the Congo (DRC, COW 490) miembro del sistema interestatal",Alta,SRC_COW_STATES,DATASET
SYS0145,1962-10-09,,Uganda,,UGA,periodo_miembro_sistema_interestatal_COW,Criterios COW de pertenencia al sistema,"Uganda (UGA, COW 500) miembro del sistema interestatal",Alta,SRC_COW_STATES,DATASET
SYS0146,1963-12-12,,Kenya,,KEN,periodo_miembro_sistema_interestatal_COW,Criterios COW de pertenencia al sistema,"Kenya (KEN, COW 501) miembro del sistema interestatal",Alta,SRC_COW_STATES,DATASET
SYS0147,1961-12-09,,Tanzania,,TZA,periodo_miembro_sistema_interestatal_COW,Criterios COW de pertenencia al sistema,"Tanzania (TAZ, COW 510) miembro del sistema interestatal",Alta,SRC_COW_STATES,DATASET
SYS0148,1963-12-19,1964-04-26,Zanzibar,,ZZB,periodo_miembro_sistema_interestatal_COW,Criterios COW de pertenencia al sistema,"Zanzibar (ZAN, COW 511) miembro del sistema interestatal hasta 1964 (pérdida de independencia, ocupación o unificación)",Alta,SRC_COW_STATES,DATASET
SYS0149,1962-07-01,,Burundi,,BDI,periodo_miembro_sistema_interestatal_COW,Criterios COW de pertenencia al sistema,"Burundi (BUI, COW 516) miembro del sistema interestatal",Alta,SRC_COW_STATES,DATASET
SYS0150,1962-07-01,,Rwanda,,RWA,periodo_miembro_sistema_interestatal_COW,Criterios COW de pertenencia al sistema,"Rwanda (RWA, COW 517) miembro del sistema interestatal",Alta,SRC_COW_STATES,DATASET
SYS0151,1960-07-01,,Somalia,,SOM,periodo_miembro_sistema_interestatal_COW,Criterios COW de pertenencia al sistema,"Somalia (SOM, COW 520) miembro del sistema interestatal",Alta,SRC_COW_STATES,DATASET
SYS0152,1977-06-27,,Djibouti,,DJI,periodo_miembro_sistema_interestatal_COW,Criterios COW de pertenencia al sistema,"Djibouti (DJI, COW 522) miembro del sistema interestatal",Alta,SRC_COW_STATES,DATASET
SYS0153,1898-01-01,1936-05-05,Ethiopia,,ETH,periodo_miembro_sistema_interestatal_COW,Criterios COW de pertenencia al sistema,"Ethiopia (ETH, COW 530) miembro del sistema interestatal hasta 1936 (pérdida de independencia, ocupación o unificación)",Alta,SRC_COW_STATES,DATASET
SYS0154,1941-05-05,,Ethiopia,,ETH,periodo_miembro_sistema_interestatal_COW,Criterios COW de pertenencia al sistema,"Ethiopia (ETH, COW 530) miembro del sistema interestatal",Alta,SRC_COW_STATES,DATASET
SYS0155,1993-05-24,,Eritrea,,ERI,periodo_miembro_sistema_interestatal_COW,Criterios COW de pertenencia al sistema,"Eritrea (ERI, COW 531) miembro del sistema interestatal",Alta,SRC_COW_STATES,DATASET
SYS0156,1975-11-11,,Angola,,AGO,periodo_miembro_sistema_interestatal_COW,Criterios COW de pertenencia al sistema,"Angola (ANG, COW 540) miembro del sistema interestatal",Alta,SRC_COW_STATES,DATASET
SYS0157,1975-06-25,,Mozambique,,MOZ,periodo_miembro_sistema_interestatal_COW,Criterios COW de pertenencia al sistema,"Mozambique (MZM, COW 541) miembro del sistema interestatal",Alta,SRC_COW_STATES,DATASET
SYS0158,1964-10-24,,Zambia,,ZMB,periodo_miembro_sistema_interestatal_COW,Criterios COW de pertenencia al sistema,"Zambia (ZAM, COW 551) miembro del sistema interestatal",Alta,SRC_COW_STATES,DATASET
SYS0159,1965-11-11,,Zimbabwe,,ZWE,periodo_miembro_sistema_interestatal_COW,Criterios COW de pertenencia al sistema,"Zimbabwe (ZIM, COW 552) miembro del sistema interestatal",Alta,SRC_COW_STATES,DATASET
SYS0160,1964-07-06,,Malawi,,MWI,periodo_miembro_sistema_interestatal_COW,Criterios COW de pertenencia al sistema,"Malawi (MAW, COW 553) miembro del sistema interestatal",Alta,SRC_COW_STATES,DATASET
SYS0161,1920-01-10,,South Africa,,ZAF,periodo_miembro_sistema_interestatal_COW,Criterios COW de pertenencia al sistema,"South Africa (SAF, COW 560) miembro del sistema interestatal",Alta,SRC_COW_STATES,DATASET
SYS0162,1990-03-21,,Namibia,,NAM,periodo_miembro_sistema_interestatal_COW,Criterios COW de pertenencia al sistema,"Namibia (NAM, COW 565) miembro del sistema interestatal",Alta,SRC_COW_STATES,DATASET
SYS0163,1966-10-04,,Lesotho,,LSO,periodo_miembro_sistema_interestatal_COW,Criterios COW de pertenencia al sistema,"Lesotho (LES, COW 570) miembro del sistema interestatal",Alta,SRC_COW_STATES,DATASET
SYS0164,1966-09-30,,Botswana,,BWA,periodo_miembro_sistema_interestatal_COW,Criterios COW de pertenencia al sistema,"Botswana (BOT, COW 571) miembro del sistema interestatal",Alta,SRC_COW_STATES,DATASET
SYS0165,1968-09-06,,Swaziland,,SWZ,periodo_miembro_sistema_interestatal_COW,Criterios COW de pertenencia al sistema,"Swaziland (SWA, COW 572) miembro del sistema interestatal",Alta,SRC_COW_STATES,DATASET
SYS0166,1960-06-26,,Madagascar,,MDG,periodo_miembro_sistema_interestatal_COW,Criterios COW de pertenencia al sistema,"Madagascar (MAG, COW 580) miembro del sistema interestatal",Alta,SRC_COW_STATES,DATASET
SYS0167,1975-12-31,,Comoros,,COM,periodo_miembro_sistema_interestatal_COW,Criterios COW de pertenencia al sistema,"Comoros (COM, COW 581) miembro del sistema interestatal",Alta,SRC_COW_STATES,DATASET
SYS0168,1968-03-12,,Mauritius,,MUS,periodo_miembro_sistema_interestatal_COW,Criterios COW de pertenencia al sistema,"Mauritius (MAS, COW 590) miembro del sistema interestatal",Alta,SRC_COW_STATES,DATASET
SYS0169,1976-06-29,,Seychelles,,SYC,periodo_miembro_sistema_interestatal_COW,Criterios COW de pertenencia al sistema,"Seychelles (SEY, COW 591) miembro del sistema interestatal",Alta,SRC_COW_STATES,DATASET
SYS0170,1847-01-01,1912-03-30,Morocco,,MAR,periodo_miembro_sistema_interestatal_COW,Criterios COW de pertenencia al sistema,"Morocco (MOR, COW 600) miembro del sistema interestatal hasta 1912 (pérdida de independencia, ocupación o unificación)",Alta,SRC_COW_STATES,DATASET
SYS0171,1956-03-02,,Morocco,,MAR,periodo_miembro_sistema_interestatal_COW,Criterios COW de pertenencia al sistema,"Morocco (MOR, COW 600) miembro del sistema interestatal",Alta,SRC_COW_STATES,DATASET
SYS0172,1962-07-05,,Algeria,,DZA,periodo_miembro_sistema_interestatal_COW,Criterios COW de pertenencia al sistema,"Algeria (ALG, COW 615) miembro del sistema interestatal",Alta,SRC_COW_STATES,DATASET
SYS0173,1825-01-01,1881-05-12,Tunisia,,TUN,periodo_miembro_sistema_interestatal_COW,Criterios COW de pertenencia al sistema,"Tunisia (TUN, COW 616) miembro del sistema interestatal hasta 1881 (pérdida de independencia, ocupación o unificación)",Alta,SRC_COW_STATES,DATASET
SYS0174,1956-03-20,,Tunisia,,TUN,periodo_miembro_sistema_interestatal_COW,Criterios COW de pertenencia al sistema,"Tunisia (TUN, COW 616) miembro del sistema interestatal",Alta,SRC_COW_STATES,DATASET
SYS0175,1951-12-24,,Libya,,LBY,periodo_miembro_sistema_interestatal_COW,Criterios COW de pertenencia al sistema,"Libya (LIB, COW 620) miembro del sistema interestatal",Alta,SRC_COW_STATES,DATASET
SYS0176,1956-01-01,,Sudan,,SDN,periodo_miembro_sistema_interestatal_COW,Criterios COW de pertenencia al sistema,"Sudan (SUD, COW 625) miembro del sistema interestatal",Alta,SRC_COW_STATES,DATASET
SYS0177,2011-07-09,,South Sudan,,SSD,periodo_miembro_sistema_interestatal_COW,Criterios COW de pertenencia al sistema,"South Sudan (SSD, COW 626) miembro del sistema interestatal",Alta,SRC_COW_STATES,DATASET
SYS0178,1855-01-01,,Iran,,IRN,periodo_miembro_sistema_interestatal_COW,Criterios COW de pertenencia al sistema,"Iran (IRN, COW 630) miembro del sistema interestatal",Alta,SRC_COW_STATES,DATASET
SYS0179,1816-01-01,,Turkey,,TUR,periodo_miembro_sistema_interestatal_COW,Criterios COW de pertenencia al sistema,"Turkey (TUR, COW 640) miembro del sistema interestatal",Alta,SRC_COW_STATES,DATASET
SYS0180,1932-10-03,,Iraq,,IRQ,periodo_miembro_sistema_interestatal_COW,Criterios COW de pertenencia al sistema,"Iraq (IRQ, COW 645) miembro del sistema interestatal",Alta,SRC_COW_STATES,DATASET
SYS0181,1855-01-01,1882-09-15,Egypt,,EGY,periodo_miembro_sistema_interestatal_COW,Criterios COW de pertenencia al sistema,"Egypt (EGY, COW 651) miembro del sistema interestatal hasta 1882 (pérdida de independencia, ocupación o unificación)",Alta,SRC_COW_STATES,DATASET
SYS0182,1937-05-26,,Egypt,,EGY,periodo_miembro_sistema_interestatal_COW,Criterios COW de pertenencia al sistema,"Egypt (EGY, COW 651) miembro del sistema interestatal",Alta,SRC_COW_STATES,DATASET
SYS0183,1946-04-17,1958-02-01,Syria,,SYR,periodo_miembro_sistema_interestatal_COW,Criterios COW de pertenencia al sistema,"Syria (SYR, COW 652) miembro del sistema interestatal hasta 1958 (pérdida de independencia, ocupación o unificación)",Alta,SRC_COW_STATES,DATASET
SYS0184,1961-09-29,,Syria,,SYR,periodo_miembro_sistema_interestatal_COW,Criterios COW de pertenencia al sistema,"Syria (SYR, COW 652) miembro del sistema interestatal",Alta,SRC_COW_STATES,DATASET
SYS0185,1946-03-10,,Lebanon,,LBN,periodo_miembro_sistema_interestatal_COW,Criterios COW de pertenencia al sistema,"Lebanon (LEB, COW 660) miembro del sistema interestatal",Alta,SRC_COW_STATES,DATASET
SYS0186,1946-03-22,,Jordan,,JOR,periodo_miembro_sistema_interestatal_COW,Criterios COW de pertenencia al sistema,"Jordan (JOR, COW 663) miembro del sistema interestatal",Alta,SRC_COW_STATES,DATASET
SYS0187,1948-05-14,,Israel,,ISR,periodo_miembro_sistema_interestatal_COW,Criterios COW de pertenencia al sistema,"Israel (ISR, COW 666) miembro del sistema interestatal",Alta,SRC_COW_STATES,DATASET
SYS0188,1927-05-20,,Saudi Arabia,,SAU,periodo_miembro_sistema_interestatal_COW,Criterios COW de pertenencia al sistema,"Saudi Arabia (SAU, COW 670) miembro del sistema interestatal",Alta,SRC_COW_STATES,DATASET
SYS0189,1926-09-02,1990-05-21,Yemen Arab Republic,,YEM,periodo_miembro_sistema_interestatal_COW,Criterios COW de pertenencia al sistema,"Yemen Arab Republic (YAR, COW 678) miembro del sistema interestatal hasta 1990 (pérdida de independencia, ocupación o unificación)",Alta,SRC_COW_STATES,DATASET
SYS0190,1990-05-22,,Yemen,,YEM,periodo_miembro_sistema_interestatal_COW,Criterios COW de pertenencia al sistema,"Yemen (YEM, COW 679) miembro del sistema interestatal",Alta,SRC_COW_STATES,DATASET
SYS0191,1967-11-30,1990-05-21,Yemen People's Republic,,YMD,periodo_miembro_sistema_interestatal_COW,Criterios COW de pertenencia al sistema,"Yemen People's Republic (YPR, COW 680) miembro del sistema interestatal hasta 1990 (pérdida de independencia, ocupación o unificación)",Alta,SRC_COW_STATES,DATASET
SYS0192,1961-06-19,,Kuwait,,KWT,periodo_miembro_sistema_interestatal_COW,Criterios COW de pertenencia al sistema,"Kuwait (KUW, COW 690) miembro del sistema interestatal",Alta,SRC_COW_STATES,DATASET
SYS0193,1971-08-15,,Bahrain,,BHR,periodo_miembro_sistema_interestatal_COW,Criterios COW de pertenencia al sistema,"Bahrain (BAH, COW 692) miembro del sistema interestatal",Alta,SRC_COW_STATES,DATASET
SYS0194,1971-09-03,,Qatar,,QAT,periodo_miembro_sistema_interestatal_COW,Criterios COW de pertenencia al sistema,"Qatar (QAT, COW 694) miembro del sistema interestatal",Alta,SRC_COW_STATES,DATASET
SYS0195,1971-12-02,,United Arab Emirates,,ARE,periodo_miembro_sistema_interestatal_COW,Criterios COW de pertenencia al sistema,"United Arab Emirates (UAE, COW 696) miembro del sistema interestatal",Alta,SRC_COW_STATES,DATASET
SYS0196,1971-10-07,,Oman,,OMN,periodo_miembro_sistema_interestatal_COW,Criterios COW de pertenencia al sistema,"Oman (OMA, COW 698) miembro del sistema interestatal",Alta,SRC_COW_STATES,DATASET
SYS0197,1919-08-08,,Afghanistan,,AFG,periodo_miembro_sistema_interestatal_COW,Criterios COW de pertenencia al sistema,"Afghanistan (AFG, COW 700) miembro del sistema interestatal",Alta,SRC_COW_STATES,DATASET
SYS0198,1991-12-26,,Turkmenistan,,TKM,periodo_miembro_sistema_interestatal_COW,Criterios COW de pertenencia al sistema,"Turkmenistan (TKM, COW 701) miembro del sistema interestatal",Alta,SRC_COW_STATES,DATASET
SYS0199,1991-12-26,,Tajikistan,,TJK,periodo_miembro_sistema_interestatal_COW,Criterios COW de pertenencia al sistema,"Tajikistan (TAJ, COW 702) miembro del sistema interestatal",Alta,SRC_COW_STATES,DATASET
SYS0200,1991-12-26,,Kyrgyzstan,,KGZ,periodo_miembro_sistema_interestatal_COW,Criterios COW de pertenencia al sistema,"Kyrgyzstan (KYR, COW 703) miembro del sistema interestatal",Alta,SRC_COW_STATES,DATASET
SYS0201,1991-12-26,,Uzbekistan,,UZB,periodo_miembro_sistema_interestatal_COW,Criterios COW de pertenencia al sistema,"Uzbekistan (UZB, COW 704) miembro del sistema interestatal",Alta,SRC_COW_STATES,DATASET
SYS0202,1991-12-26,,Kazakhstan,,KAZ,periodo_miembro_sistema_interestatal_COW,Criterios COW de pertenencia al sistema,"Kazakhstan (KZK, COW 705) miembro del sistema interestatal",Alta,SRC_COW_STATES,DATASET
SYS0203,1860-10-25,,China,,CHN,periodo_miembro_sistema_interestatal_COW,Criterios COW de pertenencia al sistema,"China (CHN, COW 710) miembro del sistema interestatal",Alta,SRC_COW_STATES,DATASET
SYS0204,1921-03-13,,Mongolia,,MNG,periodo_miembro_sistema_interestatal_COW,Criterios COW de pertenencia al sistema,"Mongolia (MON, COW 712) miembro del sistema interestatal",Alta,SRC_COW_STATES,DATASET
SYS0205,1949-12-08,,Taiwan,,TWN,periodo_miembro_sistema_interestatal_COW,Criterios COW de pertenencia al sistema,"Taiwan (TAW, COW 713) miembro del sistema interestatal",Alta,SRC_COW_STATES,DATASET
SYS0206,1887-01-01,1905-11-17,Korea,,KOR,periodo_miembro_sistema_interestatal_COW,Criterios COW de pertenencia al sistema,"Korea (KOR, COW 730) miembro del sistema interestatal hasta 1905 (pérdida de independencia, ocupación o unificación)",Alta,SRC_COW_STATES,DATASET
SYS0207,1948-09-09,,North Korea,,PRK,periodo_miembro_sistema_interestatal_COW,Criterios COW de pertenencia al sistema,"North Korea (PRK, COW 731) miembro del sistema interestatal",Alta,SRC_COW_STATES,DATASET
SYS0208,1949-06-29,,South Korea,,KOR,periodo_miembro_sistema_interestatal_COW,Criterios COW de pertenencia al sistema,"South Korea (ROK, COW 732) miembro del sistema interestatal",Alta,SRC_COW_STATES,DATASET
SYS0209,1860-01-01,1945-08-14,Japan,,JPN,periodo_miembro_sistema_interestatal_COW,Criterios COW de pertenencia al sistema,"Japan (JPN, COW 740) miembro del sistema interestatal hasta 1945 (pérdida de independencia, ocupación o unificación)",Alta,SRC_COW_STATES,DATASET
SYS0210,1952-04-28,,Japan,,JPN,periodo_miembro_sistema_interestatal_COW,Criterios COW de pertenencia al sistema,"Japan (JPN, COW 740) miembro del sistema interestatal",Alta,SRC_COW_STATES,DATASET
SYS0211,1947-08-15,,India,,IND,periodo_miembro_sistema_interestatal_COW,Criterios COW de pertenencia al sistema,"India (IND, COW 750) miembro del sistema interestatal",Alta,SRC_COW_STATES,DATASET
SYS0212,1971-09-21,,Bhutan,,BTN,periodo_miembro_sistema_interestatal_COW,Criterios COW de pertenencia al sistema,"Bhutan (BHU, COW 760) miembro del sistema interestatal",Alta,SRC_COW_STATES,DATASET
SYS0213,1947-08-14,,Pakistan,,PAK,periodo_miembro_sistema_interestatal_COW,Criterios COW de pertenencia al sistema,"Pakistan (PAK, COW 770) miembro del sistema interestatal",Alta,SRC_COW_STATES,DATASET
SYS0214,1971-12-16,,Bangladesh,,BGD,periodo_miembro_sistema_interestatal_COW,Criterios COW de pertenencia al sistema,"Bangladesh (BNG, COW 771) miembro del sistema interestatal",Alta,SRC_COW_STATES,DATASET
SYS0215,1948-01-04,,Myanmar,,MMR,periodo_miembro_sistema_interestatal_COW,Criterios COW de pertenencia al sistema,"Myanmar (MYA, COW 775) miembro del sistema interestatal",Alta,SRC_COW_STATES,DATASET
SYS0216,1948-02-04,,Sri Lanka,,LKA,periodo_miembro_sistema_interestatal_COW,Criterios COW de pertenencia al sistema,"Sri Lanka (SRI, COW 780) miembro del sistema interestatal",Alta,SRC_COW_STATES,DATASET
SYS0217,1965-07-26,,Maldives,,MDV,periodo_miembro_sistema_interestatal_COW,Criterios COW de pertenencia al sistema,"Maldives (MAD, COW 781) miembro del sistema interestatal",Alta,SRC_COW_STATES,DATASET
SYS0218,1920-01-01,,Nepal,,NPL,periodo_miembro_sistema_interestatal_COW,Criterios COW de pertenencia al sistema,"Nepal (NEP, COW 790) miembro del sistema interestatal",Alta,SRC_COW_STATES,DATASET
SYS0219,1887-01-01,,Thailand,,THA,periodo_miembro_sistema_interestatal_COW,Criterios COW de pertenencia al sistema,"Thailand (THI, COW 800) miembro del sistema interestatal",Alta,SRC_COW_STATES,DATASET
SYS0220,1953-11-09,,Cambodia,,KHM,periodo_miembro_sistema_interestatal_COW,Criterios COW de pertenencia al sistema,"Cambodia (CAM, COW 811) miembro del sistema interestatal",Alta,SRC_COW_STATES,DATASET
SYS0221,1953-10-23,,Laos,,LAO,periodo_miembro_sistema_interestatal_COW,Criterios COW de pertenencia al sistema,"Laos (LAO, COW 812) miembro del sistema interestatal",Alta,SRC_COW_STATES,DATASET
SYS0222,1954-07-21,,Vietnam,,VNM,periodo_miembro_sistema_interestatal_COW,Criterios COW de pertenencia al sistema,"Vietnam (DRV, COW 816) miembro del sistema interestatal",Alta,SRC_COW_STATES,DATASET
SYS0223,1954-06-04,1975-04-30,Republic of Vietnam,,VDR,periodo_miembro_sistema_interestatal_COW,Criterios COW de pertenencia al sistema,"Republic of Vietnam (RVN, COW 817) miembro del sistema interestatal hasta 1975 (pérdida de independencia, ocupación o unificación)",Alta,SRC_COW_STATES,DATASET
SYS0224,1957-08-31,,Malaysia,,MYS,periodo_miembro_sistema_interestatal_COW,Criterios COW de pertenencia al sistema,"Malaysia (MAL, COW 820) miembro del sistema interestatal",Alta,SRC_COW_STATES,DATASET
SYS0225,1965-08-09,,Singapore,,SGP,periodo_miembro_sistema_interestatal_COW,Criterios COW de pertenencia al sistema,"Singapore (SIN, COW 830) miembro del sistema interestatal",Alta,SRC_COW_STATES,DATASET
SYS0226,1984-01-01,,Brunei,,BRN,periodo_miembro_sistema_interestatal_COW,Criterios COW de pertenencia al sistema,"Brunei (BRU, COW 835) miembro del sistema interestatal",Alta,SRC_COW_STATES,DATASET
SYS0227,1946-07-04,,Philippines,,PHL,periodo_miembro_sistema_interestatal_COW,Criterios COW de pertenencia al sistema,"Philippines (PHI, COW 840) miembro del sistema interestatal",Alta,SRC_COW_STATES,DATASET
SYS0228,1949-12-27,,Indonesia,,IDN,periodo_miembro_sistema_interestatal_COW,Criterios COW de pertenencia al sistema,"Indonesia (INS, COW 850) miembro del sistema interestatal",Alta,SRC_COW_STATES,DATASET
SYS0229,2002-09-27,,East Timor,,TLS,periodo_miembro_sistema_interestatal_COW,Criterios COW de pertenencia al sistema,"East Timor (ETM, COW 860) miembro del sistema interestatal",Alta,SRC_COW_STATES,DATASET
SYS0230,1920-01-10,,Australia,,AUS,periodo_miembro_sistema_interestatal_COW,Criterios COW de pertenencia al sistema,"Australia (AUL, COW 900) miembro del sistema interestatal",Alta,SRC_COW_STATES,DATASET
SYS0231,1975-09-16,,Papua New Guinea,,PNG,periodo_miembro_sistema_interestatal_COW,Criterios COW de pertenencia al sistema,"Papua New Guinea (PNG, COW 910) miembro del sistema interestatal",Alta,SRC_COW_STATES,DATASET
SYS0232,1920-01-10,,New Zealand,,NZL,periodo_miembro_sistema_interestatal_COW,Criterios COW de pertenencia al sistema,"New Zealand (NEW, COW 920) miembro del sistema interestatal",Alta,SRC_COW_STATES,DATASET
SYS0233,1981-09-15,,Vanuatu,,VUT,periodo_miembro_sistema_interestatal_COW,Criterios COW de pertenencia al sistema,"Vanuatu (VAN, COW 935) miembro del sistema interestatal",Alta,SRC_COW_STATES,DATASET
SYS0234,1978-07-07,,Solomon Islands,,SLB,periodo_miembro_sistema_interestatal_COW,Criterios COW de pertenencia al sistema,"Solomon Islands (SOL, COW 940) miembro del sistema interestatal",Alta,SRC_COW_STATES,DATASET
SYS0235,1999-09-14,,Kiribati,,KIR,periodo_miembro_sistema_interestatal_COW,Criterios COW de pertenencia al sistema,"Kiribati (KIR, COW 946) miembro del sistema interestatal",Alta,SRC_COW_STATES,DATASET
SYS0236,2000-09-05,,Tuvalu,,TUV,periodo_miembro_sistema_interestatal_COW,Criterios COW de pertenencia al sistema,"Tuvalu (TUV, COW 947) miembro del sistema interestatal",Alta,SRC_COW_STATES,DATASET
SYS0237,1970-10-10,,Fiji,,FJI,periodo_miembro_sistema_interestatal_COW,Criterios COW de pertenencia al sistema,"Fiji (FIJ, COW 950) miembro del sistema interestatal",Alta,SRC_COW_STATES,DATASET
SYS0238,1999-09-14,,Tonga,,TON,periodo_miembro_sistema_interestatal_COW,Criterios COW de pertenencia al sistema,"Tonga (TON, COW 955) miembro del sistema interestatal",Alta,SRC_COW_STATES,DATASET
SYS0239,1999-09-14,,Nauru,,NRU,periodo_miembro_sistema_interestatal_COW,Criterios COW de pertenencia al sistema,"Nauru (NAU, COW 970) miembro del sistema interestatal",Alta,SRC_COW_STATES,DATASET
SYS0240,1991-09-17,,Marshall Islands,,MHL,periodo_miembro_sistema_interestatal_COW,Criterios COW de pertenencia al sistema,"Marshall Islands (MSI, COW 983) miembro del sistema interestatal",Alta,SRC_COW_STATES,DATASET
SYS0241,1994-12-15,,Palau,,PLW,periodo_miembro_sistema_interestatal_COW,Criterios COW de pertenencia al sistema,"Palau (PAL, COW 986) miembro del sistema interestatal",Alta,SRC_COW_STATES,DATASET
SYS0242,1991-09-17,,Federated States of Micronesia,,FSM,periodo_miembro_sistema_interestatal_COW,Criterios COW de pertenencia al sistema,"Federated States of Micronesia (FSM, COW 987) miembro del sistema interestatal",Alta,SRC_COW_STATES,DATASET
SYS0243,1976-12-15,,Samoa,,WSM,periodo_miembro_sistema_interestatal_COW,Criterios COW de pertenencia al sistema,"Samoa (WSM, COW 990) miembro del sistema interestatal",Alta,SRC_COW_STATES,DATASET
