war_id,cow_warnum,year_start,year_end,side_a_ids,side_b_ids,initiator_ids,winner_ids,battle_deaths_sum,battle_deaths_missing_states,per_state_deaths,source_ids,note
COWINTER1,1,1823,1823,FRA,ESP,FRA,FRA,1000.0,0,FRA:400;ESP:600,SRC_COW_WAR,Nombre de la guerra no incluido en la versión descargada; identificar por cow_warnum y participantes
COWINTER4,4,1828,1829,RUS,TUR,RUS,RUS,130000.0,0,RUS:50000;TUR:80000,SRC_COW_WAR,Nombre de la guerra no incluido en la versión descargada; identificar por cow_warnum y participantes
COWINTER7,7,1846,1847,USA,MEX,USA,USA,19283.0,0,USA:13283;MEX:6000,SRC_COW_WAR,Nombre de la guerra no incluido en la versión descargada; identificar por cow_warnum y participantes
COWINTER10,10,1848,1849,AUT,ITA;MDN;TSC,ITA,AUT,7527.0,0,AUT:3927;ITA:3400;MDN:100;TSC:100,SRC_COW_WAR,Nombre de la guerra no incluido en la versión descargada; identificar por cow_warnum y participantes
COWINTER13,13,1848,1849,DEU,DNK,DEU,DEU,6000.0,0,DEU:2500;DNK:3500,SRC_COW_WAR,Nombre de la guerra no incluido en la versión descargada; identificar por cow_warnum y participantes
COWINTER16,16,1849,1849,AUT;FRA;TWS,PPS,FRA,AUT;FRA;TWS,2600.0,0,FRA:1000;AUT:100;PPS:1400;TWS:100,SRC_COW_WAR,Nombre de la guerra no incluido en la versión descargada; identificar por cow_warnum y participantes
COWINTER19,19,1851,1852,BRA,ARG,BRA,BRA,1300.0,0,BRA:500;ARG:800,SRC_COW_WAR,Nombre de la guerra no incluido en la versión descargada; identificar por cow_warnum y participantes
COWINTER22,22,1853,1856,FRA;GBR;ITA;TUR,RUS,TUR,FRA;GBR;ITA;TUR,264200.0,0,GBR:22000;FRA:95000;ITA:2200;RUS:100000;TUR:45000,SRC_COW_WAR,Nombre de la guerra no incluido en la versión descargada; identificar por cow_warnum y participantes
COWINTER25,25,1856,1857,GBR,IRN,GBR,GBR,2000.0,0,GBR:500;IRN:1500,SRC_COW_WAR,Nombre de la guerra no incluido en la versión descargada; identificar por cow_warnum y participantes
COWINTER28,28,1859,1859,FRA;ITA,AUT,AUT,FRA;ITA,22500.0,0,FRA:7500;AUT:12500;ITA:2500,SRC_COW_WAR,Nombre de la guerra no incluido en la versión descargada; identificar por cow_warnum y participantes
COWINTER31,31,1859,1860,ESP,MAR,ESP,ESP,10000.0,0,ESP:4000;MAR:6000,SRC_COW_WAR,Nombre de la guerra no incluido en la versión descargada; identificar por cow_warnum y participantes
COWINTER34,34,1860,1860,ITA,PPS,ITA,ITA,1000.0,0,ITA:300;PPS:700,SRC_COW_WAR,Nombre de la guerra no incluido en la versión descargada; identificar por cow_warnum y participantes
COWINTER37,37,1860,1861,ITA,TWS,ITA,ITA,1000.0,0,ITA:600;TWS:400,SRC_COW_WAR,Nombre de la guerra no incluido en la versión descargada; identificar por cow_warnum y participantes
COWINTER40,40,1862,1867,MEX,FRA,FRA,,20000.0,0,MEX:12000;FRA:8000,SRC_COW_WAR,Nombre de la guerra no incluido en la versión descargada; identificar por cow_warnum y participantes
COWINTER43,43,1863,1863,COL,ECU,COL,COL,1000.0,0,COL:300;ECU:700,SRC_COW_WAR,Nombre de la guerra no incluido en la versión descargada; identificar por cow_warnum y participantes
COWINTER46,46,1864,1864,AUT;DEU,DNK,DEU,AUT;DEU,4481.0,0,DEU:1048;AUT:500;DNK:2933,SRC_COW_WAR,Nombre de la guerra no incluido en la versión descargada; identificar por cow_warnum y participantes
COWINTER49,49,1864,1870,ARG;BRA,PRY,PRY,ARG;BRA,310000.0,0,BRA:100000;PRY:200000;ARG:10000,SRC_COW_WAR,Nombre de la guerra no incluido en la versión descargada; identificar por cow_warnum y participantes
COWINTER52,52,1865,1866,CHL;PER,ESP,ESP,CHL;PER,1000.0,0,PER:600;CHL:100;ESP:300,SRC_COW_WAR,Nombre de la guerra no incluido en la versión descargada; identificar por cow_warnum y participantes
COWINTER55,55,1866,1866,DEU;ITA;MCL,AUT;BDN;BVR;HDM;HKS;HVR;SXN;WRG,DEU,DEU;ITA;MCL,44100.0,0,HVR:500;BVR:500;DEU:10000;BDN:100;SXN:600;WRG:100;HKS:100;HDM:100;MCL:100;AUT:28000;ITA:4000,SRC_COW_WAR,Nombre de la guerra no incluido en la versión descargada; identificar por cow_warnum y participantes
COWINTER58,58,1870,1871,BDN;BVR;DEU;WRG,FRA,FRA,BDN;BVR;DEU;WRG,204313.0,0,FRA:152000;BVR:5600;DEU:44781;BDN:956;WRG:976,SRC_COW_WAR,Nombre de la guerra no incluido en la versión descargada; identificar por cow_warnum y participantes
COWINTER60,60,1876,1876,GTM,SLV,GTM,GTM,4000.0,0,GTM:2000;SLV:2000,SRC_COW_WAR,Nombre de la guerra no incluido en la versión descargada; identificar por cow_warnum y participantes
COWINTER61,61,1877,1878,RUS,TUR,RUS,RUS,285000.0,0,RUS:120000;TUR:165000,SRC_COW_WAR,Nombre de la guerra no incluido en la versión descargada; identificar por cow_warnum y participantes
COWINTER64,64,1879,1883,CHL,BOL;PER,CHL,CHL,13868.0,0,PER:9672;BOL:920;CHL:3276,SRC_COW_WAR,Nombre de la guerra no incluido en la versión descargada; identificar por cow_warnum y participantes
COWINTER65,65,1882,1882,GBR,EGY,GBR,GBR,10079.0,0,GBR:79;EGY:10000,SRC_COW_WAR,Nombre de la guerra no incluido en la versión descargada; identificar por cow_warnum y participantes
COWINTER67,67,1884,1885,FRA,CHN,FRA,FRA,12100.0,0,FRA:2100;CHN:10000,SRC_COW_WAR,Nombre de la guerra no incluido en la versión descargada; identificar por cow_warnum y participantes
COWINTER70,70,1885,1885,SLV,GTM,GTM,SLV,1000.0,0,GTM:800;SLV:200,SRC_COW_WAR,Nombre de la guerra no incluido en la versión descargada; identificar por cow_warnum y participantes
COWINTER73,73,1894,1895,JPN,CHN,JPN,JPN,15000.0,0,CHN:10000;JPN:5000,SRC_COW_WAR,Nombre de la guerra no incluido en la versión descargada; identificar por cow_warnum y participantes
COWINTER76,76,1897,1897,TUR,GRC,GRC,TUR,2000.0,0,GRC:600;TUR:1400,SRC_COW_WAR,Nombre de la guerra no incluido en la versión descargada; identificar por cow_warnum y participantes
COWINTER79,79,1898,1898,USA,ESP,USA,USA,3685.0,0,USA:2910;ESP:775,SRC_COW_WAR,Nombre de la guerra no incluido en la versión descargada; identificar por cow_warnum y participantes
COWINTER82,82,1900,1900,FRA;GBR;JPN;RUS;USA,CHN,FRA;GBR;JPN;RUS;USA,FRA;GBR;JPN;RUS;USA,3003.0,0,USA:21;GBR:34;FRA:24;RUS:302;CHN:2000;JPN:622,SRC_COW_WAR,Nombre de la guerra no incluido en la versión descargada; identificar por cow_warnum y participantes
COWINTER83,83,1900,1900,RUS,CHN,RUS,RUS,4000.0,0,RUS:242;CHN:3758,SRC_COW_WAR,Nombre de la guerra no incluido en la versión descargada; identificar por cow_warnum y participantes
COWINTER85,85,1904,1905,JPN,RUS,JPN,JPN,151831.0,0,RUS:71453;JPN:80378,SRC_COW_WAR,Nombre de la guerra no incluido en la versión descargada; identificar por cow_warnum y participantes
COWINTER88,88,1906,1906,GTM,HND;SLV,GTM,GTM,1000.0,0,GTM:400;HND:300;SLV:300,SRC_COW_WAR,Nombre de la guerra no incluido en la versión descargada; identificar por cow_warnum y participantes
COWINTER91,91,1907,1907,NIC,HND;SLV,NIC,NIC,1000.0,0,HND:300;SLV:300;NIC:400,SRC_COW_WAR,Nombre de la guerra no incluido en la versión descargada; identificar por cow_warnum y participantes
COWINTER94,94,1909,1910,ESP,MAR,ESP,ESP,10000.0,0,ESP:2000;MAR:8000,SRC_COW_WAR,Nombre de la guerra no incluido en la versión descargada; identificar por cow_warnum y participantes
COWINTER97,97,1911,1912,ITA,TUR,ITA,ITA,20000.0,0,ITA:6000;TUR:14000,SRC_COW_WAR,Nombre de la guerra no incluido en la versión descargada; identificar por cow_warnum y participantes
COWINTER100,100,1912,1913,BGR;GRC;SRB,TUR,SRB,BGR;GRC;SRB,82000.0,0,SRB:15000;GRC:5000;BGR:32000;TUR:30000,SRC_COW_WAR,Nombre de la guerra no incluido en la versión descargada; identificar por cow_warnum y participantes
COWINTER103,103,1913,1913,GRC;ROU;SRB;TUR,BGR,BGR,GRC;ROU;SRB;TUR,60500.0,0,SRB:18500;GRC:2500;BGR:18000;ROU:1500;TUR:20000,SRC_COW_WAR,Nombre de la guerra no incluido en la versión descargada; identificar por cow_warnum y participantes
COWINTER106,106,1914,1918,BEL;FRA;GBR;GRC;ITA;JPN;PRT;ROU;RUS;SRB;USA,AUT;BGR;DEU;TUR,AUT,BEL;FRA;GBR;GRC;ITA;JPN;PRT;ROU;RUS;SRB;USA,8578031.0,0,USA:116516;GBR:908371;BEL:13716;FRA:1385000;PRT:7222;DEU:1773700;AUT:1200000;ITA:650000;SRB:70000;GRC:5000;BGR:87500;ROU:335706;RUS:1700000;TUR:325000;JPN:300,SRC_COW_WAR,Nombre de la guerra no incluido en la versión descargada; identificar por cow_warnum y participantes
COWINTER107,107,1918,1920,EST;FIN,RUS,RUS,EST;FIN,11750.0,0,RUS:8000;EST:3600;FIN:150,SRC_COW_WAR,Nombre de la guerra no incluido en la versión descargada; identificar por cow_warnum y participantes
COWINTER108,108,1918,1920,DEU;EST;LVA,RUS,RUS,EST;LVA,12796.0,0,DEU:750;RUS:8000;EST:1000;LVA:3046,SRC_COW_WAR,Nombre de la guerra no incluido en la versión descargada; identificar por cow_warnum y participantes
COWINTER109,109,1919,1920,POL,RUS,RUS,POL,100000.0,0,POL:40000;RUS:60000,SRC_COW_WAR,Nombre de la guerra no incluido en la versión descargada; identificar por cow_warnum y participantes
COWINTER112,112,1919,1919,CZE;ROU,HUN,ROU,CZE;ROU,11000.0,0,HUN:6000;CZE:2000;ROU:3000,SRC_COW_WAR,Nombre de la guerra no incluido en la versión descargada; identificar por cow_warnum y participantes
COWINTER115,115,1919,1922,TUR,GRC,GRC,TUR,50000.0,0,GRC:30000;TUR:20000,SRC_COW_WAR,Nombre de la guerra no incluido en la versión descargada; identificar por cow_warnum y participantes
COWINTER116,116,1919,1921,FRA,TUR,FRA,,40000.0,0,FRA:5000;TUR:35000,SRC_COW_WAR,Nombre de la guerra no incluido en la versión descargada; identificar por cow_warnum y participantes
COWINTER117,117,1920,1920,POL,LTU,POL,POL,1000.0,0,POL:500;LTU:500,SRC_COW_WAR,Nombre de la guerra no incluido en la versión descargada; identificar por cow_warnum y participantes
COWINTER118,118,1929,1929,RUS,CHN,RUS,RUS,3200.0,0,RUS:200;CHN:3000,SRC_COW_WAR,Nombre de la guerra no incluido en la versión descargada; identificar por cow_warnum y participantes
COWINTER121,121,1931,1933,JPN,CHN,JPN,JPN,60000.0,0,CHN:50000;JPN:10000,SRC_COW_WAR,Nombre de la guerra no incluido en la versión descargada; identificar por cow_warnum y participantes
COWINTER124,124,1932,1935,PRY,BOL,BOL,PRY,92661.0,0,BOL:56661;PRY:36000,SRC_COW_WAR,Nombre de la guerra no incluido en la versión descargada; identificar por cow_warnum y participantes
COWINTER125,125,1934,1934,SAU,YEM,SAU,SAU,2100.0,0,SAU:100;YEM:2000,SRC_COW_WAR,Nombre de la guerra no incluido en la versión descargada; identificar por cow_warnum y participantes
COWINTER127,127,1935,1936,ITA,ETH,ITA,ITA,20000.0,0,ITA:4000;ETH:16000,SRC_COW_WAR,Nombre de la guerra no incluido en la versión descargada; identificar por cow_warnum y participantes
COWINTER130,130,1937,1941,JPN,CHN,JPN,JPN,1000000.0,0,CHN:750000;JPN:250000,SRC_COW_WAR,Nombre de la guerra no incluido en la versión descargada; identificar por cow_warnum y participantes
COWINTER133,133,1938,1938,JPN,RUS,JPN,RUS,1726.0,0,RUS:1200;JPN:526,SRC_COW_WAR,Nombre de la guerra no incluido en la versión descargada; identificar por cow_warnum y participantes
COWINTER136,136,1939,1939,MNG;RUS,JPN,JPN,MNG;RUS,28000.0,0,RUS:5000;MNG:3000;JPN:20000,SRC_COW_WAR,Nombre de la guerra no incluido en la versión descargada; identificar por cow_warnum y participantes
COWINTER139,139,1939,1945,AUS;BEL;BRA;CAN;CHN;ETH;GBR;GRC;MNG;NLD;NOR;NZL;POL;RUS;SRB;USA;ZAF,BGR;DEU;FIN;FRA;HUN;ITA;JPN;ROU,DEU,AUS;BEL;BRA;CAN;CHN;ETH;GBR;GRC;MNG;NLD;NOR;NZL;POL;RUS;SRB;USA;ZAF,16569007.0,0,USA:405400;CAN:41992;BRA:1000;GBR:418765;NLD:7900;BEL:9600;FRA:210824;DEU:3500000;POL:320000;HUN:136000;ITA:174500;SRB:305000;GRC:18300;BGR:9000;ROU:290000;RUS:7500000;FIN:65000;NOR:3000;ETH:5000;ZAF:8700;CHN:1350000;MNG:3000;JPN:1740000;AUS:33826;NZL:12200,SRC_COW_WAR,Nombre de la guerra no incluido en la versión descargada; identificar por cow_warnum y participantes
COWINTER142,142,1939,1940,RUS,FIN,RUS,RUS,151798.0,0,RUS:126875;FIN:24923,SRC_COW_WAR,Nombre de la guerra no incluido en la versión descargada; identificar por cow_warnum y participantes
COWINTER145,145,1940,1941,THA,FRA,THA,THA,1400.0,0,FRA:700;THA:700,SRC_COW_WAR,Nombre de la guerra no incluido en la versión descargada; identificar por cow_warnum y participantes
COWINTER147,147,1947,1949,IND,PAK,IND,,3500.0,0,IND:2500;PAK:1000,SRC_COW_WAR,Nombre de la guerra no incluido en la versión descargada; identificar por cow_warnum y participantes
COWINTER148,148,1948,1949,ISR,EGY;IRQ;JOR;LBN;SYR,JOR,ISR,8000.0,0,IRQ:500;EGY:2000;SYR:1000;LBN:500;JOR:1000;ISR:3000,SRC_COW_WAR,Nombre de la guerra no incluido en la versión descargada; identificar por cow_warnum y participantes
COWINTER151,151,1950,1953,AUS;BEL;CAN;COL;ETH;FRA;GBR;GRC;KOR;NLD;PHL;THA;TUR;USA,CHN;PRK,PRK,,910084.0,0,USA:54487;CAN:309;COL:140;GBR:710;NLD:111;BEL:97;FRA:288;GRC:169;ETH:120;TUR:717;CHN:422612;PRK:316579;KOR:113248;THA:114;PHL:92;AUS:291,SRC_COW_WAR,Nombre de la guerra no incluido en la versión descargada; identificar por cow_warnum y participantes
COWINTER153,153,1954,1955,CHN,TWN,CHN,CHN,2370.0,0,CHN:1003;TWN:1367,SRC_COW_WAR,Nombre de la guerra no incluido en la versión descargada; identificar por cow_warnum y participantes
COWINTER155,155,1956,1956,FRA;GBR;ISR,EGY,ISR,FRA;GBR;ISR,3221.0,0,GBR:22;FRA:10;EGY:3000;ISR:189,SRC_COW_WAR,Nombre de la guerra no incluido en la versión descargada; identificar por cow_warnum y participantes
COWINTER156,156,1956,1956,RUS,HUN,RUS,RUS,2426.0,0,HUN:926;RUS:1500,SRC_COW_WAR,Nombre de la guerra no incluido en la versión descargada; identificar por cow_warnum y participantes
COWINTER158,158,1957,1958,ESP;FRA,MAR,MAR,ESP;FRA,1122.0,0,FRA:0;ESP:122;MAR:1000,SRC_COW_WAR,Nombre de la guerra no incluido en la versión descargada; identificar por cow_warnum y participantes
COWINTER159,159,1958,1958,CHN,TWN,CHN,,1800.0,0,CHN:300;TWN:1500,SRC_COW_WAR,Nombre de la guerra no incluido en la versión descargada; identificar por cow_warnum y participantes
COWINTER160,160,1962,1962,CHN,IND,CHN,CHN,1853.0,0,CHN:500;IND:1353,SRC_COW_WAR,Nombre de la guerra no incluido en la versión descargada; identificar por cow_warnum y participantes
COWINTER163,163,1965,1975,VNM,AUS;KHM;KOR;PHL;THA;USA;VDR,USA,VNM,1021442.0,0,USA:58153;KOR:4687;THA:351;KHM:2500;VNM:700000;VDR:254257;PHL:1000;AUS:494,SRC_COW_WAR,Nombre de la guerra no incluido en la versión descargada; identificar por cow_warnum y participantes
COWINTER166,166,1965,1965,PAK,IND,PAK,PAK,7061.0,0,IND:3261;PAK:3800,SRC_COW_WAR,Nombre de la guerra no incluido en la versión descargada; identificar por cow_warnum y participantes
COWINTER169,169,1967,1967,ISR,EGY;JOR;SYR,ISR,ISR,19600.0,0,EGY:10000;SYR:2500;JOR:6100;ISR:1000,SRC_COW_WAR,Nombre de la guerra no incluido en la versión descargada; identificar por cow_warnum y participantes
COWINTER170,170,1968,1973,VNM,LAO;THA;USA,VNM,VNM,13875.0,1,USA:375;THA:NA;LAO:11250;VNM:2250,SRC_COW_WAR,Nombre de la guerra no incluido en la versión descargada; identificar por cow_warnum y participantes
COWINTER172,172,1969,1970,ISR,EGY,EGY,,5368.0,0,EGY:5000;ISR:368,SRC_COW_WAR,Nombre de la guerra no incluido en la versión descargada; identificar por cow_warnum y participantes
COWINTER175,175,1969,1969,SLV,HND,SLV,SLV,1900.0,0,HND:1200;SLV:700,SRC_COW_WAR,Nombre de la guerra no incluido en la versión descargada; identificar por cow_warnum y participantes
COWINTER176,176,1970,1971,VNM,KHM;USA;VDR,VNM,,6525.0,0,USA:125;KHM:5000;VNM:400;VDR:1000,SRC_COW_WAR,Nombre de la guerra no incluido en la versión descargada; identificar por cow_warnum y participantes
COWINTER178,178,1971,1971,IND,PAK,PAK,IND,11223.0,0,IND:3241;PAK:7982,SRC_COW_WAR,Nombre de la guerra no incluido en la versión descargada; identificar por cow_warnum y participantes
COWINTER181,181,1973,1973,ISR,EGY;IRQ;JOR;SAU;SYR,EGY;SYR,ISR,14439.0,0,IRQ:278;EGY:7700;SYR:3500;JOR:23;ISR:2838;SAU:100,SRC_COW_WAR,Nombre de la guerra no incluido en la versión descargada; identificar por cow_warnum y participantes
COWINTER184,184,1974,1974,TUR,CYP,TUR,TUR,1500.0,0,CYP:500;TUR:1000,SRC_COW_WAR,Nombre de la guerra no incluido en la versión descargada; identificar por cow_warnum y participantes
COWINTER186,186,1975,1976,AGO;CUB,COD;ZAF,ZAF,,2700.0,0,CUB:1500;COD:100;AGO:1000;ZAF:100,SRC_COW_WAR,Nombre de la guerra no incluido en la versión descargada; identificar por cow_warnum y participantes
COWINTER187,187,1977,1978,CUB;ETH,SOM,SOM,,10500.0,0,CUB:700;SOM:8000;ETH:1800,SRC_COW_WAR,Nombre de la guerra no incluido en la versión descargada; identificar por cow_warnum y participantes
COWINTER189,189,1977,1979,VNM,KHM,KHM,,8000.0,0,KHM:5000;VNM:3000,SRC_COW_WAR,Nombre de la guerra no incluido en la versión descargada; identificar por cow_warnum y participantes
COWINTER190,190,1978,1979,TZA,LBY;UGA,UGA,TZA,3000.0,0,UGA:1500;TZA:1000;LBY:500,SRC_COW_WAR,Nombre de la guerra no incluido en la versión descargada; identificar por cow_warnum y participantes
COWINTER193,193,1979,1979,CHN,VNM,CHN,CHN,21000.0,0,CHN:13000;VNM:8000,SRC_COW_WAR,Nombre de la guerra no incluido en la versión descargada; identificar por cow_warnum y participantes
COWINTER199,199,1980,1988,IRN,IRQ,IRQ,,1250000.0,0,IRN:750000;IRQ:500000,SRC_COW_WAR,Nombre de la guerra no incluido en la versión descargada; identificar por cow_warnum y participantes
COWINTER202,202,1982,1982,GBR,ARG,ARG,GBR,1001.0,0,ARG:746;GBR:255,SRC_COW_WAR,Nombre de la guerra no incluido en la versión descargada; identificar por cow_warnum y participantes
COWINTER205,205,1982,1982,ISR,SYR,ISR,,1655.0,0,SYR:1200;ISR:455,SRC_COW_WAR,Nombre de la guerra no incluido en la versión descargada; identificar por cow_warnum y participantes
COWINTER207,207,1986,1987,TCD,LBY,TCD,TCD,8000.0,0,TCD:1000;LBY:7000,SRC_COW_WAR,Nombre de la guerra no incluido en la versión descargada; identificar por cow_warnum y participantes
COWINTER208,208,1987,1987,CHN,VNM,CHN,,4000.0,0,CHN:1800;VNM:2200,SRC_COW_WAR,Nombre de la guerra no incluido en la versión descargada; identificar por cow_warnum y participantes
COWINTER211,211,1990,1991,ARE;CAN;EGY;FRA;GBR;ITA;KWT;MAR;OMN;QAT;SAU;SYR;USA,IRQ,IRQ,ARE;CAN;EGY;FRA;GBR;ITA;KWT;MAR;OMN;QAT;SAU;SYR;USA,41466.0,0,USA:376;CAN:0;GBR:24;FRA:2;ITA:0;MAR:0;IRQ:40000;EGY:14;SYR:0;SAU:44;KWT:1000;QAT:0;ARE:6;OMN:0,SRC_COW_WAR,Nombre de la guerra no incluido en la versión descargada; identificar por cow_warnum y participantes
COWINTER215,215,1992,1992,BIH;HRV,SRB,SRB,,5240.0,0,HRV:500;SRB:1890;BIH:2850,SRC_COW_WAR,Nombre de la guerra no incluido en la versión descargada; identificar por cow_warnum y participantes
COWINTER216,216,1993,1994,ARM,AZE,ARM,ARM,14000.0,0,ARM:5500;AZE:8500,SRC_COW_WAR,Nombre de la guerra no incluido en la versión descargada; identificar por cow_warnum y participantes
COWINTER217,217,1995,1995,PER,ECU,ECU,,1500.0,0,ECU:550;PER:950,SRC_COW_WAR,Nombre de la guerra no incluido en la versión descargada; identificar por cow_warnum y participantes
COWINTER219,219,1998,2000,ERI,ETH,ERI,,120000.0,0,ETH:70000;ERI:50000,SRC_COW_WAR,Nombre de la guerra no incluido en la versión descargada; identificar por cow_warnum y participantes
COWINTER221,221,1999,1999,DEU;FRA;GBR;ITA;NLD;TUR;USA,SRB,DEU;FRA;GBR;ITA;NLD;TUR;USA,DEU;FRA;GBR;ITA;NLD;TUR;USA,5002.0,0,USA:2;GBR:0;NLD:0;FRA:0;DEU:0;ITA:0;SRB:5000;TUR:0,SRC_COW_WAR,Nombre de la guerra no incluido en la versión descargada; identificar por cow_warnum y participantes
COWINTER223,223,1999,1999,IND,PAK,PAK,IND,1172.0,0,IND:474;PAK:698,SRC_COW_WAR,Nombre de la guerra no incluido en la versión descargada; identificar por cow_warnum y participantes
COWINTER225,225,2001,2001,AUS;CAN;FRA;GBR;USA,AFG,GBR;USA,,4002.0,0,USA:2;CAN:0;GBR:0;FRA:0;AFG:4000;AUS:0,SRC_COW_WAR,Nombre de la guerra no incluido en la versión descargada; identificar por cow_warnum y participantes
COWINTER227,227,2003,2003,AUS;GBR;USA,IRQ,AUS;GBR;USA,,7173.0,0,USA:140;GBR:33;IRQ:7000;AUS:0,SRC_COW_WAR,Nombre de la guerra no incluido en la versión descargada; identificar por cow_warnum y participantes
