coup_id,country_id,powell_country,date,year,outcome,source_ids
COUP0001,HTI,Haiti,1950-05-10,1950,exitoso,SRC_PT_COUPS
COUP0002,BOL,Bolivia,1950-07-22,1950,fallido,SRC_PT_COUPS
COUP0003,PAN,Panama,1951-05-09,1951,exitoso,SRC_PT_COUPS
COUP0004,BOL,Bolivia,1951-05-16,1951,exitoso,SRC_PT_COUPS
COUP0005,THA,Thailand,1951-06-29,1951,fallido,SRC_PT_COUPS
COUP0006,ARG,Argentina,1951-09-28,1951,fallido,SRC_PT_COUPS
COUP0007,THA,Thailand,1951-11-29,1951,exitoso,SRC_PT_COUPS
COUP0008,SYR,Syria,1951-11-29,1951,exitoso,SRC_PT_COUPS
COUP0009,ECU,Ecuador,1952-03-03,1952,fallido,SRC_PT_COUPS
COUP0010,CUB,Cuba,1952-03-10,1952,exitoso,SRC_PT_COUPS
COUP0011,BOL,Bolivia,1952-04-09,1952,exitoso,SRC_PT_COUPS
COUP0012,EGY,Egypt,1952-07-23,1952,exitoso,SRC_PT_COUPS
COUP0013,VEN,Venezuela,1952-09-29,1952,fallido,SRC_PT_COUPS
COUP0014,BOL,Bolivia,1953-01-06,1953,fallido,SRC_PT_COUPS
COUP0015,COL,Colombia,1953-06-13,1953,exitoso,SRC_PT_COUPS
COUP0016,IRN,Iran,1953-08-13,1953,exitoso,SRC_PT_COUPS
COUP0017,SYR,Syria,1954-02-25,1954,exitoso,SRC_PT_COUPS
COUP0018,EGY,Egypt,1954-02-27,1954,exitoso,SRC_PT_COUPS
COUP0019,PRY,Paraguay,1954-05-05,1954,exitoso,SRC_PT_COUPS
COUP0020,GTM,Guatemala,1954-06-29,1954,exitoso,SRC_PT_COUPS
COUP0021,PER,Peru,1954-08-10,1954,fallido,SRC_PT_COUPS
COUP0022,ECU,Ecuador,1954-12-23,1954,fallido,SRC_PT_COUPS
COUP0023,GTM,Guatemala,1955-01-20,1955,fallido,SRC_PT_COUPS
COUP0024,YEM,Yemen Arab Republic; N. Yemen,1955-04-02,1955,fallido,SRC_PT_COUPS
COUP0025,ARG,Argentina,1955-06-16,1955,fallido,SRC_PT_COUPS
COUP0026,SDN,Sudan,1955-08-18,1955,fallido,SRC_PT_COUPS
COUP0027,ARG,Argentina,1955-09-16,1955,exitoso,SRC_PT_COUPS
COUP0028,BRA,Brazil,1955-11-11,1955,exitoso,SRC_PT_COUPS
COUP0029,ARG,Argentina,1955-11-13,1955,exitoso,SRC_PT_COUPS
COUP0030,PRY,Paraguay,1955-12-21,1955,fallido,SRC_PT_COUPS
COUP0031,PER,Peru,1956-02-16,1956,fallido,SRC_PT_COUPS
COUP0032,ARG,Argentina,1956-06-09,1956,fallido,SRC_PT_COUPS
COUP0033,HND,Honduras,1956-08-01,1956,fallido,SRC_PT_COUPS
COUP0034,ECU,Ecuador,1956-08-07,1956,fallido,SRC_PT_COUPS
COUP0035,HND,Honduras,1956-10-21,1956,exitoso,SRC_PT_COUPS
COUP0036,HTI,Haiti,1956-12-12,1956,exitoso,SRC_PT_COUPS
COUP0037,HTI,Haiti,1957-04-02,1957,exitoso,SRC_PT_COUPS
COUP0038,JOR,Jordan,1957-04-13,1957,fallido,SRC_PT_COUPS
COUP0039,COL,Colombia,1957-05-10,1957,exitoso,SRC_PT_COUPS
COUP0040,HTI,Haiti,1957-05-21,1957,exitoso,SRC_PT_COUPS
COUP0041,HTI,Haiti,1957-06-14,1957,exitoso,SRC_PT_COUPS
COUP0042,CUB,Cuba,1957-09-05,1957,fallido,SRC_PT_COUPS
COUP0043,THA,Thailand,1957-09-16,1957,exitoso,SRC_PT_COUPS
COUP0044,GTM,Guatemala,1957-10-24,1957,exitoso,SRC_PT_COUPS
COUP0045,VEN,Venezuela,1958-01-01,1958,fallido,SRC_PT_COUPS
COUP0046,COL,Colombia,1958-05-02,1958,fallido,SRC_PT_COUPS
COUP0047,JOR,Jordan,1958-07-01,1958,fallido,SRC_PT_COUPS
COUP0048,IRQ,Iraq,1958-07-14,1958,exitoso,SRC_PT_COUPS
COUP0049,VEN,Venezuela,1958-07-22,1958,fallido,SRC_PT_COUPS
COUP0050,VEN,Venezuela,1958-09-07,1958,fallido,SRC_PT_COUPS
COUP0051,MMR,Myanmar,1958-09-26,1958,exitoso,SRC_PT_COUPS
COUP0052,THA,Thailand,1958-10-20,1958,exitoso,SRC_PT_COUPS
COUP0053,BOL,Bolivia,1958-10-21,1958,fallido,SRC_PT_COUPS
COUP0054,PAK,Pakistan,1958-10-27,1958,exitoso,SRC_PT_COUPS
COUP0055,SDN,Sudan,1958-11-17,1958,exitoso,SRC_PT_COUPS
COUP0056,IRQ,Iraq,1959-03-07,1959,fallido,SRC_PT_COUPS
COUP0057,BOL,Bolivia,1959-04-19,1959,fallido,SRC_PT_COUPS
COUP0058,SDN,Sudan,1959-05-21,1959,fallido,SRC_PT_COUPS
COUP0059,HND,Honduras,1959-07-12,1959,fallido,SRC_PT_COUPS
COUP0060,SDN,Sudan,1959-11-09,1959,fallido,SRC_PT_COUPS
COUP0061,BRA,Brazil,1959-12-03,1959,fallido,SRC_PT_COUPS
COUP0062,BOL,Bolivia,1960-03-19,1960,fallido,SRC_PT_COUPS
COUP0063,TUR,Turkey,1960-05-27,1960,exitoso,SRC_PT_COUPS
COUP0064,ARG,Argentina,1960-06-13,1960,fallido,SRC_PT_COUPS
COUP0065,LAO,Laos,1960-08-09,1960,exitoso,SRC_PT_COUPS
COUP0066,VEN,Venezuela,1960-09-12,1960,fallido,SRC_PT_COUPS
COUP0067,COD,Democratic Republic of the Congo,1960-09-14,1960,exitoso,SRC_PT_COUPS
COUP0068,SLV,El Salvador,1960-10-26,1960,exitoso,SRC_PT_COUPS
COUP0069,VDR,Republic of Vietnam,1960-11-11,1960,fallido,SRC_PT_COUPS
COUP0070,GTM,Guatemala,1960-11-13,1960,fallido,SRC_PT_COUPS
COUP0071,ARG,Argentina,1960-11-30,1960,fallido,SRC_PT_COUPS
COUP0072,LAO,Laos,1960-12-08,1960,exitoso,SRC_PT_COUPS
COUP0073,ETH,Ethiopia,1960-12-14,1960,fallido,SRC_PT_COUPS
COUP0074,SLV,El Salvador,1961-01-25,1961,exitoso,SRC_PT_COUPS
COUP0075,VEN,Venezuela,1961-02-20,1961,fallido,SRC_PT_COUPS
COUP0076,KOR,South Korea,1961-05-16,1961,exitoso,SRC_PT_COUPS
COUP0077,VEN,Venezuela,1961-06-26,1961,fallido,SRC_PT_COUPS
COUP0078,ARG,Argentina,1961-08-11,1961,fallido,SRC_PT_COUPS
COUP0079,SYR,Syria,1961-09-28,1961,exitoso,SRC_PT_COUPS
COUP0080,COL,Colombia,1961-10-11,1961,fallido,SRC_PT_COUPS
COUP0081,ECU,Ecuador,1961-11-08,1961,exitoso,SRC_PT_COUPS
COUP0082,SOM,Somalia,1961-12-10,1961,fallido,SRC_PT_COUPS
COUP0083,ETH,Ethiopia,1961-12-14,1961,fallido,SRC_PT_COUPS
COUP0084,LBN,Lebanon,1961-12-31,1961,fallido,SRC_PT_COUPS
COUP0085,PRT,Portugal,1962-01-01,1962,fallido,SRC_PT_COUPS
COUP0086,DOM,Dominican Republic,1962-01-16,1962,fallido,SRC_PT_COUPS
COUP0087,TUR,Turkey,1962-02-22,1962,fallido,SRC_PT_COUPS
COUP0088,MMR,Myanmar,1962-03-02,1962,exitoso,SRC_PT_COUPS
COUP0089,SYR,Syria,1962-03-28,1962,exitoso,SRC_PT_COUPS
COUP0090,ARG,Argentina,1962-03-28,1962,exitoso,SRC_PT_COUPS
COUP0091,VEN,Venezuela,1962-05-04,1962,fallido,SRC_PT_COUPS
COUP0092,VEN,Venezuela,1962-06-02,1962,fallido,SRC_PT_COUPS
COUP0093,PER,Peru,1962-07-18,1962,exitoso,SRC_PT_COUPS
COUP0094,ARG,Argentina,1962-08-08,1962,fallido,SRC_PT_COUPS
COUP0095,ARG,Argentina,1962-09-19,1962,fallido,SRC_PT_COUPS
COUP0096,YEM,Yemen Arab Republic; N. Yemen,1962-09-27,1962,exitoso,SRC_PT_COUPS
COUP0097,GTM,Guatemala,1962-11-25,1962,fallido,SRC_PT_COUPS
COUP0098,SEN,Senegal,1962-12-17,1962,fallido,SRC_PT_COUPS
COUP0099,TGO,Togo,1963-01-13,1963,exitoso,SRC_PT_COUPS
COUP0100,IRQ,Iraq,1963-02-08,1963,exitoso,SRC_PT_COUPS
COUP0101,PER,Peru,1963-03-03,1963,exitoso,SRC_PT_COUPS
COUP0102,SYR,Syria,1963-03-08,1963,exitoso,SRC_PT_COUPS
COUP0103,GTM,Guatemala,1963-03-30,1963,exitoso,SRC_PT_COUPS
COUP0104,ARG,Argentina,1963-04-02,1963,fallido,SRC_PT_COUPS
COUP0105,TUR,Turkey,1963-05-20,1963,fallido,SRC_PT_COUPS
COUP0106,ECU,Ecuador,1963-07-11,1963,exitoso,SRC_PT_COUPS
COUP0107,SYR,Syria,1963-07-18,1963,fallido,SRC_PT_COUPS
COUP0108,COG,Congo,1963-08-15,1963,exitoso,SRC_PT_COUPS
COUP0109,BRA,Brazil,1963-09-12,1963,fallido,SRC_PT_COUPS
COUP0110,DOM,Dominican Republic,1963-09-25,1963,exitoso,SRC_PT_COUPS
COUP0111,HND,Honduras,1963-10-03,1963,exitoso,SRC_PT_COUPS
COUP0112,BEN,Benin,1963-10-28,1963,exitoso,SRC_PT_COUPS
COUP0113,VDR,Republic of Vietnam,1963-11-01,1963,exitoso,SRC_PT_COUPS
COUP0114,IRQ,Iraq,1963-11-18,1963,exitoso,SRC_PT_COUPS
COUP0115,VDR,Republic of Vietnam,1964-01-30,1964,exitoso,SRC_PT_COUPS
COUP0116,GAB,Gabon,1964-02-17,1964,fallido,SRC_PT_COUPS
COUP0117,BRA,Brazil,1964-03-30,1964,exitoso,SRC_PT_COUPS
COUP0118,BRA,Brazil,1964-04-01,1964,exitoso,SRC_PT_COUPS
COUP0119,LAO,Laos,1964-04-19,1964,exitoso,SRC_PT_COUPS
COUP0120,DZA,Algeria,1964-06-30,1964,fallido,SRC_PT_COUPS
COUP0121,VDR,Republic of Vietnam,1964-09-13,1964,fallido,SRC_PT_COUPS
COUP0122,BOL,Bolivia,1964-11-03,1964,exitoso,SRC_PT_COUPS
COUP0123,VDR,Republic of Vietnam,1965-01-27,1965,exitoso,SRC_PT_COUPS
COUP0124,LAO,Laos,1965-01-31,1965,fallido,SRC_PT_COUPS
COUP0125,VDR,Republic of Vietnam,1965-02-19,1965,fallido,SRC_PT_COUPS
COUP0126,LAO,Laos,1965-03-28,1965,fallido,SRC_PT_COUPS
COUP0127,LAO,Laos,1965-04-16,1965,fallido,SRC_PT_COUPS
COUP0128,DOM,Dominican Republic,1965-04-25,1965,exitoso,SRC_PT_COUPS
COUP0129,VDR,Republic of Vietnam,1965-06-11,1965,exitoso,SRC_PT_COUPS
COUP0130,DZA,Algeria,1965-06-19,1965,exitoso,SRC_PT_COUPS
COUP0131,IRQ,Iraq,1965-09-16,1965,fallido,SRC_PT_COUPS
COUP0132,IDN,Indonesia,1965-10-01,1965,fallido,SRC_PT_COUPS
COUP0133,BDI,Burundi,1965-10-18,1965,fallido,SRC_PT_COUPS
COUP0134,DOM,Dominican Republic,1965-11-22,1965,fallido,SRC_PT_COUPS
COUP0135,COD,Democratic Republic of the Congo,1965-11-25,1965,exitoso,SRC_PT_COUPS
COUP0136,BEN,Benin,1965-11-29,1965,exitoso,SRC_PT_COUPS
COUP0137,BEN,Benin,1965-12-22,1965,exitoso,SRC_PT_COUPS
COUP0138,CAF,Central African Republic,1966-01-01,1966,exitoso,SRC_PT_COUPS
COUP0139,BFA,Burkina Faso,1966-01-03,1966,exitoso,SRC_PT_COUPS
COUP0140,NGA,Nigeria,1966-01-15,1966,exitoso,SRC_PT_COUPS
COUP0141,UGA,Uganda,1966-02-22,1966,exitoso,SRC_PT_COUPS
COUP0142,SYR,Syria,1966-02-23,1966,exitoso,SRC_PT_COUPS
COUP0143,GHA,Ghana,1966-02-24,1966,exitoso,SRC_PT_COUPS
COUP0144,IDN,Indonesia,1966-03-12,1966,exitoso,SRC_PT_COUPS
COUP0145,ECU,Ecuador,1966-03-29,1966,exitoso,SRC_PT_COUPS
COUP0146,COG,Congo,1966-06-27,1966,fallido,SRC_PT_COUPS
COUP0147,ARG,Argentina,1966-06-28,1966,exitoso,SRC_PT_COUPS
COUP0148,IRQ,Iraq,1966-06-30,1966,fallido,SRC_PT_COUPS
COUP0149,BDI,Burundi,1966-07-08,1966,exitoso,SRC_PT_COUPS
COUP0150,NGA,Nigeria,1966-07-29,1966,exitoso,SRC_PT_COUPS
COUP0151,SYR,Syria,1966-09-08,1966,fallido,SRC_PT_COUPS
COUP0152,LAO,Laos,1966-10-21,1966,fallido,SRC_PT_COUPS
COUP0153,VEN,Venezuela,1966-10-30,1966,fallido,SRC_PT_COUPS
COUP0154,BDI,Burundi,1966-11-28,1966,exitoso,SRC_PT_COUPS
COUP0155,SDN,Sudan,1966-12-18,1966,fallido,SRC_PT_COUPS
COUP0156,SDN,Sudan,1966-12-28,1966,fallido,SRC_PT_COUPS
COUP0157,TGO,Togo,1967-01-13,1967,exitoso,SRC_PT_COUPS
COUP0158,SLE,Sierra Leone,1967-03-21,1967,fallido,SRC_PT_COUPS
COUP0159,SLE,Sierra Leone,1967-03-23,1967,exitoso,SRC_PT_COUPS
COUP0160,GHA,Ghana,1967-04-17,1967,fallido,SRC_PT_COUPS
COUP0161,GRC,Greece,1967-04-21,1967,exitoso,SRC_PT_COUPS
COUP0162,YEM,Yemen Arab Republic; N. Yemen,1967-11-04,1967,exitoso,SRC_PT_COUPS
COUP0163,GRC,Greece,1967-12-13,1967,fallido,SRC_PT_COUPS
COUP0164,DZA,Algeria,1967-12-14,1967,fallido,SRC_PT_COUPS
COUP0165,BEN,Benin,1967-12-17,1967,exitoso,SRC_PT_COUPS
COUP0166,YMD,Yemen People's Republic; S. Yemen,1968-03-20,1968,fallido,SRC_PT_COUPS
COUP0167,SLE,Sierra Leone,1968-04-18,1968,exitoso,SRC_PT_COUPS
COUP0168,IRQ,Iraq,1968-07-17,1968,exitoso,SRC_PT_COUPS
COUP0169,COG,Congo,1968-08-03,1968,exitoso,SRC_PT_COUPS
COUP0170,COG,Congo,1968-08-30,1968,exitoso,SRC_PT_COUPS
COUP0171,YMD,Yemen People's Republic; S. Yemen,1968-08-31,1968,fallido,SRC_PT_COUPS
COUP0172,PER,Peru,1968-10-03,1968,exitoso,SRC_PT_COUPS
COUP0173,PAN,Panama,1968-10-12,1968,exitoso,SRC_PT_COUPS
COUP0174,MLI,Mali,1968-11-19,1968,exitoso,SRC_PT_COUPS
COUP0175,SYR,Syria,1969-03-01,1969,exitoso,SRC_PT_COUPS
COUP0176,GNQ,Equatorial Guinea,1969-03-05,1969,fallido,SRC_PT_COUPS
COUP0177,SDN,Sudan,1969-05-25,1969,exitoso,SRC_PT_COUPS
COUP0178,BRA,Brazil,1969-08-31,1969,exitoso,SRC_PT_COUPS
COUP0179,LBY,Libya,1969-09-01,1969,exitoso,SRC_PT_COUPS
COUP0180,BOL,Bolivia,1969-09-26,1969,exitoso,SRC_PT_COUPS
COUP0181,SOM,Somalia,1969-10-21,1969,exitoso,SRC_PT_COUPS
COUP0182,COG,Congo,1969-11-08,1969,fallido,SRC_PT_COUPS
COUP0183,BEN,Benin,1969-12-10,1969,exitoso,SRC_PT_COUPS
COUP0184,PAN,Panama,1969-12-14,1969,fallido,SRC_PT_COUPS
COUP0185,IRQ,Iraq,1970-01-20,1970,fallido,SRC_PT_COUPS
COUP0186,KHM,Cambodia,1970-03-18,1970,exitoso,SRC_PT_COUPS
COUP0187,COG,Congo,1970-03-22,1970,fallido,SRC_PT_COUPS
COUP0188,HTI,Haiti,1970-04-24,1970,fallido,SRC_PT_COUPS
COUP0189,ARG,Argentina,1970-06-08,1970,exitoso,SRC_PT_COUPS
COUP0190,OMN,Oman,1970-07-26,1970,exitoso,SRC_PT_COUPS
COUP0191,BOL,Bolivia,1970-10-06,1970,exitoso,SRC_PT_COUPS
COUP0192,SYR,Syria,1970-11-13,1970,exitoso,SRC_PT_COUPS
COUP0193,BOL,Bolivia,1971-01-10,1971,fallido,SRC_PT_COUPS
COUP0194,UGA,Uganda,1971-01-25,1971,exitoso,SRC_PT_COUPS
COUP0195,TUR,Turkey,1971-03-12,1971,exitoso,SRC_PT_COUPS
COUP0196,ARG,Argentina,1971-03-22,1971,exitoso,SRC_PT_COUPS
COUP0197,SLE,Sierra Leone,1971-03-23,1971,fallido,SRC_PT_COUPS
COUP0198,MAR,Morocco,1971-07-10,1971,fallido,SRC_PT_COUPS
COUP0199,SDN,Sudan,1971-07-19,1971,fallido,SRC_PT_COUPS
COUP0200,BOL,Bolivia,1971-08-22,1971,exitoso,SRC_PT_COUPS
COUP0201,ARG,Argentina,1971-10-08,1971,fallido,SRC_PT_COUPS
COUP0202,PAK,Pakistan,1971-12-19,1971,exitoso,SRC_PT_COUPS
COUP0203,GHA,Ghana,1972-01-13,1972,exitoso,SRC_PT_COUPS
COUP0204,ARE,United Arab Emirates,1972-01-25,1972,fallido,SRC_PT_COUPS
COUP0205,ECU,Ecuador,1972-02-15,1972,exitoso,SRC_PT_COUPS
COUP0206,QAT,Qatar,1972-02-22,1972,exitoso,SRC_PT_COUPS
COUP0207,COG,Congo,1972-02-22,1972,fallido,SRC_PT_COUPS
COUP0208,BEN,Benin,1972-02-23,1972,fallido,SRC_PT_COUPS
COUP0209,SLV,El Salvador,1972-03-25,1972,fallido,SRC_PT_COUPS
COUP0210,MAR,Morocco,1972-08-16,1972,fallido,SRC_PT_COUPS
COUP0211,BEN,Benin,1972-10-26,1972,exitoso,SRC_PT_COUPS
COUP0212,HND,Honduras,1972-12-04,1972,exitoso,SRC_PT_COUPS
COUP0213,URY,Uruguay,1973-02-10,1973,exitoso,SRC_PT_COUPS
COUP0214,CHL,Chile,1973-06-29,1973,fallido,SRC_PT_COUPS
COUP0215,IRQ,Iraq,1973-06-30,1973,fallido,SRC_PT_COUPS
COUP0216,RWA,Rwanda,1973-07-05,1973,exitoso,SRC_PT_COUPS
COUP0217,AFG,Afghanistan,1973-07-17,1973,exitoso,SRC_PT_COUPS
COUP0218,LAO,Laos,1973-08-20,1973,fallido,SRC_PT_COUPS
COUP0219,CHL,Chile,1973-09-11,1973,exitoso,SRC_PT_COUPS
COUP0220,GRC,Greece,1973-11-25,1973,exitoso,SRC_PT_COUPS
COUP0221,BFA,Burkina Faso,1974-02-08,1974,exitoso,SRC_PT_COUPS
COUP0222,UGA,Uganda,1974-03-23,1974,fallido,SRC_PT_COUPS
COUP0223,NER,Niger,1974-04-15,1974,exitoso,SRC_PT_COUPS
COUP0224,PRT,Portugal,1974-04-25,1974,exitoso,SRC_PT_COUPS
COUP0225,BOL,Bolivia,1974-06-05,1974,fallido,SRC_PT_COUPS
COUP0226,YEM,Yemen Arab Republic; N. Yemen,1974-06-13,1974,exitoso,SRC_PT_COUPS
COUP0227,CYP,Cyprus,1974-07-15,1974,exitoso,SRC_PT_COUPS
COUP0228,ETH,Ethiopia,1974-09-12,1974,exitoso,SRC_PT_COUPS
COUP0229,UGA,Uganda,1974-11-11,1974,fallido,SRC_PT_COUPS
COUP0230,MDG,Madagascar,1974-12-31,1974,fallido,SRC_PT_COUPS
COUP0231,BEN,Benin,1975-01-21,1975,fallido,SRC_PT_COUPS
COUP0232,PRT,Portugal,1975-03-11,1975,fallido,SRC_PT_COUPS
COUP0233,TCD,Chad,1975-04-13,1975,exitoso,SRC_PT_COUPS
COUP0234,HND,Honduras,1975-04-22,1975,exitoso,SRC_PT_COUPS
COUP0235,NGA,Nigeria,1975-07-29,1975,exitoso,SRC_PT_COUPS
COUP0236,COM,Comoros,1975-08-03,1975,exitoso,SRC_PT_COUPS
COUP0237,LBY,Libya,1975-08-05,1975,fallido,SRC_PT_COUPS
COUP0238,BGD,Bangladesh,1975-08-15,1975,exitoso,SRC_PT_COUPS
COUP0239,PER,Peru,1975-08-29,1975,exitoso,SRC_PT_COUPS
COUP0240,ECU,Ecuador,1975-09-01,1975,fallido,SRC_PT_COUPS
COUP0241,SDN,Sudan,1975-09-05,1975,fallido,SRC_PT_COUPS
COUP0242,BGD,Bangladesh,1975-11-07,1975,exitoso,SRC_PT_COUPS
COUP0243,PRT,Portugal,1975-11-25,1975,fallido,SRC_PT_COUPS
COUP0244,MOZ,Mozambique,1975-12-17,1975,fallido,SRC_PT_COUPS
COUP0245,ARG,Argentina,1975-12-18,1975,fallido,SRC_PT_COUPS
COUP0246,ARG,Argentina,1975-12-23,1975,fallido,SRC_PT_COUPS
COUP0247,ECU,Ecuador,1976-01-11,1976,exitoso,SRC_PT_COUPS
COUP0248,TCD,Chad,1976-02-05,1976,fallido,SRC_PT_COUPS
COUP0249,NGA,Nigeria,1976-02-13,1976,fallido,SRC_PT_COUPS
COUP0250,LBN,Lebanon,1976-03-12,1976,fallido,SRC_PT_COUPS
COUP0251,NER,Niger,1976-03-15,1976,fallido,SRC_PT_COUPS
COUP0252,ARG,Argentina,1976-03-24,1976,exitoso,SRC_PT_COUPS
COUP0253,URY,Uruguay,1976-06-12,1976,exitoso,SRC_PT_COUPS
COUP0254,MMR,Myanmar,1976-07-02,1976,fallido,SRC_PT_COUPS
COUP0255,SDN,Sudan,1976-07-02,1976,fallido,SRC_PT_COUPS
COUP0256,THA,Thailand,1976-10-06,1976,exitoso,SRC_PT_COUPS
COUP0257,BDI,Burundi,1976-11-01,1976,exitoso,SRC_PT_COUPS
COUP0258,ETH,Ethiopia,1977-02-03,1977,exitoso,SRC_PT_COUPS
COUP0259,SDN,Sudan,1977-02-03,1977,fallido,SRC_PT_COUPS
COUP0260,THA,Thailand,1977-03-26,1977,fallido,SRC_PT_COUPS
COUP0261,TCD,Chad,1977-04-01,1977,fallido,SRC_PT_COUPS
COUP0262,AGO,Angola,1977-05-27,1977,fallido,SRC_PT_COUPS
COUP0263,SYC,Seychelles,1977-06-05,1977,exitoso,SRC_PT_COUPS
COUP0264,PAK,Pakistan,1977-07-05,1977,exitoso,SRC_PT_COUPS
COUP0265,BGD,Bangladesh,1977-10-02,1977,fallido,SRC_PT_COUPS
COUP0266,THA,Thailand,1977-10-20,1977,exitoso,SRC_PT_COUPS
COUP0267,HND,Honduras,1977-10-21,1977,fallido,SRC_PT_COUPS
COUP0268,MLI,Mali,1978-02-15,1978,fallido,SRC_PT_COUPS
COUP0269,SOM,Somalia,1978-04-09,1978,fallido,SRC_PT_COUPS
COUP0270,AFG,Afghanistan,1978-04-27,1978,exitoso,SRC_PT_COUPS
COUP0271,COM,Comoros,1978-05-12,1978,exitoso,SRC_PT_COUPS
COUP0272,KHM,Cambodia,1978-05-15,1978,fallido,SRC_PT_COUPS
COUP0273,YMD,Yemen People's Republic; S. Yemen,1978-06-26,1978,exitoso,SRC_PT_COUPS
COUP0274,GHA,Ghana,1978-07-05,1978,exitoso,SRC_PT_COUPS
COUP0275,MRT,Mauritania,1978-07-10,1978,exitoso,SRC_PT_COUPS
COUP0276,BOL,Bolivia,1978-07-21,1978,exitoso,SRC_PT_COUPS
COUP0277,HND,Honduras,1978-08-07,1978,exitoso,SRC_PT_COUPS
COUP0278,YEM,Yemen Arab Republic; N. Yemen,1978-10-15,1978,fallido,SRC_PT_COUPS
COUP0279,BOL,Bolivia,1978-11-24,1978,exitoso,SRC_PT_COUPS
COUP0280,GRD,Grenada,1979-03-13,1979,exitoso,SRC_PT_COUPS
COUP0281,GHA,Ghana,1979-05-15,1979,fallido,SRC_PT_COUPS
COUP0282,GHA,Ghana,1979-06-04,1979,exitoso,SRC_PT_COUPS
COUP0283,GNQ,Equatorial Guinea,1979-08-03,1979,exitoso,SRC_PT_COUPS
COUP0284,CAF,Central African Republic,1979-09-20,1979,exitoso,SRC_PT_COUPS
COUP0285,BOL,Bolivia,1979-10-11,1979,fallido,SRC_PT_COUPS
COUP0286,SLV,El Salvador,1979-10-15,1979,exitoso,SRC_PT_COUPS
COUP0287,BOL,Bolivia,1979-11-01,1979,exitoso,SRC_PT_COUPS
COUP0288,MRT,Mauritania,1980-01-04,1980,exitoso,SRC_PT_COUPS
COUP0289,SUR,Suriname,1980-02-25,1980,exitoso,SRC_PT_COUPS
COUP0290,LBR,Liberia,1980-04-12,1980,exitoso,SRC_PT_COUPS
COUP0291,UGA,Uganda,1980-05-11,1980,exitoso,SRC_PT_COUPS
COUP0292,BOL,Bolivia,1980-07-17,1980,exitoso,SRC_PT_COUPS
COUP0293,SUR,Suriname,1980-08-15,1980,exitoso,SRC_PT_COUPS
COUP0294,TUR,Turkey,1980-09-10,1980,exitoso,SRC_PT_COUPS
COUP0295,ZMB,Zambia,1980-10-16,1980,fallido,SRC_PT_COUPS
COUP0296,GNB,Guinea-Bissau,1980-11-15,1980,exitoso,SRC_PT_COUPS
COUP0297,BFA,Burkina Faso,1980-11-25,1980,exitoso,SRC_PT_COUPS
COUP0298,ESP,Spain,1981-02-23,1981,fallido,SRC_PT_COUPS
COUP0299,THA,Thailand,1981-04-01,1981,fallido,SRC_PT_COUPS
COUP0300,BOL,Bolivia,1981-05-15,1981,fallido,SRC_PT_COUPS
COUP0301,BOL,Bolivia,1981-05-25,1981,fallido,SRC_PT_COUPS
COUP0302,BGD,Bangladesh,1981-05-30,1981,fallido,SRC_PT_COUPS
COUP0303,BOL,Bolivia,1981-06-27,1981,fallido,SRC_PT_COUPS
COUP0304,GMB,Gambia,1981-07-29,1981,fallido,SRC_PT_COUPS
COUP0305,BOL,Bolivia,1981-08-03,1981,exitoso,SRC_PT_COUPS
COUP0306,CAF,Central African Republic,1981-09-01,1981,exitoso,SRC_PT_COUPS
COUP0307,DMA,Dominica,1981-12-19,1981,fallido,SRC_PT_COUPS
COUP0308,GHA,Ghana,1981-12-31,1981,exitoso,SRC_PT_COUPS
COUP0309,SYR,Syria,1982-01-31,1982,fallido,SRC_PT_COUPS
COUP0310,MRT,Mauritania,1982-02-06,1982,fallido,SRC_PT_COUPS
COUP0311,GTM,Guatemala,1982-03-23,1982,exitoso,SRC_PT_COUPS
COUP0312,BGD,Bangladesh,1982-03-24,1982,exitoso,SRC_PT_COUPS
COUP0313,KEN,Kenya,1982-08-01,1982,fallido,SRC_PT_COUPS
COUP0314,BFA,Burkina Faso,1982-11-07,1982,exitoso,SRC_PT_COUPS
COUP0315,GHA,Ghana,1982-11-23,1982,fallido,SRC_PT_COUPS
COUP0316,GHA,Ghana,1983-06-19,1983,fallido,SRC_PT_COUPS
COUP0317,BFA,Burkina Faso,1983-08-04,1983,exitoso,SRC_PT_COUPS
COUP0318,GTM,Guatemala,1983-08-08,1983,exitoso,SRC_PT_COUPS
COUP0319,SWZ,Swaziland,1983-08-10,1983,exitoso,SRC_PT_COUPS
COUP0320,NER,Niger,1983-10-05,1983,fallido,SRC_PT_COUPS
COUP0321,GRD,Grenada,1983-10-14,1983,exitoso,SRC_PT_COUPS
COUP0322,NGA,Nigeria,1983-12-31,1983,exitoso,SRC_PT_COUPS
COUP0323,GHA,Ghana,1984-03-23,1984,fallido,SRC_PT_COUPS
COUP0324,GIN,Guinea,1984-04-03,1984,exitoso,SRC_PT_COUPS
COUP0325,CMR,Cameroon,1984-04-06,1984,fallido,SRC_PT_COUPS
COUP0326,BOL,Bolivia,1984-06-30,1984,fallido,SRC_PT_COUPS
COUP0327,MRT,Mauritania,1984-12-12,1984,exitoso,SRC_PT_COUPS
COUP0328,COM,Comoros,1985-03-08,1985,fallido,SRC_PT_COUPS
COUP0329,LBR,Liberia,1985-04-01,1985,fallido,SRC_PT_COUPS
COUP0330,SDN,Sudan,1985-04-06,1985,exitoso,SRC_PT_COUPS
COUP0331,GIN,Guinea,1985-07-04,1985,fallido,SRC_PT_COUPS
COUP0332,UGA,Uganda,1985-07-27,1985,exitoso,SRC_PT_COUPS
COUP0333,NGA,Nigeria,1985-08-27,1985,exitoso,SRC_PT_COUPS
COUP0334,THA,Thailand,1985-09-09,1985,fallido,SRC_PT_COUPS
COUP0335,LBR,Liberia,1985-11-12,1985,fallido,SRC_PT_COUPS
COUP0336,YMD,Yemen People's Republic; S. Yemen,1986-01-13,1986,exitoso,SRC_PT_COUPS
COUP0337,LSO,Lesotho,1986-01-20,1986,exitoso,SRC_PT_COUPS
COUP0338,HTI,Haiti,1986-02-07,1986,exitoso,SRC_PT_COUPS
COUP0339,ECU,Ecuador,1986-03-08,1986,fallido,SRC_PT_COUPS
COUP0340,PHL,Philippines,1986-07-06,1986,fallido,SRC_PT_COUPS
COUP0341,PHL,Philippines,1987-01-27,1987,fallido,SRC_PT_COUPS
COUP0342,SLE,Sierra Leone,1987-03-23,1987,fallido,SRC_PT_COUPS
COUP0343,FJI,Fiji,1987-05-14,1987,exitoso,SRC_PT_COUPS
COUP0344,ARE,United Arab Emirates,1987-06-16,1987,fallido,SRC_PT_COUPS
COUP0345,PHL,Philippines,1987-08-27,1987,fallido,SRC_PT_COUPS
COUP0346,BDI,Burundi,1987-09-03,1987,exitoso,SRC_PT_COUPS
COUP0347,BFA,Burkina Faso,1987-10-15,1987,exitoso,SRC_PT_COUPS
COUP0348,TUN,Tunisia,1987-11-07,1987,exitoso,SRC_PT_COUPS
COUP0349,COM,Comoros,1987-11-30,1987,fallido,SRC_PT_COUPS
COUP0350,PAN,Panama,1988-03-16,1988,fallido,SRC_PT_COUPS
COUP0351,GTM,Guatemala,1988-05-11,1988,fallido,SRC_PT_COUPS
COUP0352,HTI,Haiti,1988-06-20,1988,exitoso,SRC_PT_COUPS
COUP0353,MMR,Myanmar,1988-09-18,1988,exitoso,SRC_PT_COUPS
COUP0354,HTI,Haiti,1988-09-18,1988,exitoso,SRC_PT_COUPS
COUP0355,ARG,Argentina,1988-12-02,1988,fallido,SRC_PT_COUPS
COUP0356,PRY,Paraguay,1989-02-03,1989,exitoso,SRC_PT_COUPS
COUP0357,TCD,Chad,1989-04-01,1989,fallido,SRC_PT_COUPS
COUP0358,HTI,Haiti,1989-04-02,1989,fallido,SRC_PT_COUPS
COUP0359,HTI,Haiti,1989-04-05,1989,fallido,SRC_PT_COUPS
COUP0360,GTM,Guatemala,1989-05-09,1989,fallido,SRC_PT_COUPS
COUP0361,ETH,Ethiopia,1989-05-16,1989,fallido,SRC_PT_COUPS
COUP0362,SDN,Sudan,1989-06-30,1989,exitoso,SRC_PT_COUPS
COUP0363,PAN,Panama,1989-10-03,1989,fallido,SRC_PT_COUPS
COUP0364,COM,Comoros,1989-11-26,1989,exitoso,SRC_PT_COUPS
COUP0365,PHL,Philippines,1989-12-01,1989,fallido,SRC_PT_COUPS
COUP0366,AFG,Afghanistan,1990-03-07,1990,fallido,SRC_PT_COUPS
COUP0367,PNG,Papua New Guinea,1990-03-14,1990,fallido,SRC_PT_COUPS
COUP0368,NGA,Nigeria,1990-04-22,1990,fallido,SRC_PT_COUPS
COUP0369,ZMB,Zambia,1990-06-30,1990,fallido,SRC_PT_COUPS
COUP0370,PHL,Philippines,1990-10-04,1990,fallido,SRC_PT_COUPS
COUP0371,HTI,Haiti,1991-01-07,1991,fallido,SRC_PT_COUPS
COUP0372,THA,Thailand,1991-02-23,1991,exitoso,SRC_PT_COUPS
COUP0373,MLI,Mali,1991-03-26,1991,exitoso,SRC_PT_COUPS
COUP0374,LSO,Lesotho,1991-04-30,1991,exitoso,SRC_PT_COUPS
COUP0375,MLI,Mali,1991-07-14,1991,fallido,SRC_PT_COUPS
COUP0376,COM,Comoros,1991-08-03,1991,fallido,SRC_PT_COUPS
COUP0377,RUS,Russia,1991-08-21,1991,fallido,SRC_PT_COUPS
COUP0378,IRQ,Iraq,1991-09-23,1991,fallido,SRC_PT_COUPS
COUP0379,HTI,Haiti,1991-09-30,1991,exitoso,SRC_PT_COUPS
COUP0380,TGO,Togo,1991-10-01,1991,fallido,SRC_PT_COUPS
COUP0381,TGO,Togo,1991-10-07,1991,fallido,SRC_PT_COUPS
COUP0382,TCD,Chad,1991-10-13,1991,fallido,SRC_PT_COUPS
COUP0383,TGO,Togo,1991-11-28,1991,fallido,SRC_PT_COUPS
COUP0384,TGO,Togo,1991-12-15,1991,fallido,SRC_PT_COUPS
COUP0385,DZA,Algeria,1992-01-11,1992,exitoso,SRC_PT_COUPS
COUP0386,VEN,Venezuela,1992-02-04,1992,fallido,SRC_PT_COUPS
COUP0387,AFG,Afghanistan,1992-04-15,1992,exitoso,SRC_PT_COUPS
COUP0388,SLE,Sierra Leone,1992-04-30,1992,exitoso,SRC_PT_COUPS
COUP0389,IRQ,Iraq,1992-06-15,1992,fallido,SRC_PT_COUPS
COUP0390,MDG,Madagascar,1992-07-29,1992,fallido,SRC_PT_COUPS
COUP0391,COM,Comoros,1992-09-26,1992,fallido,SRC_PT_COUPS
COUP0392,PER,Peru,1992-11-13,1992,fallido,SRC_PT_COUPS
COUP0393,VEN,Venezuela,1992-11-27,1992,fallido,SRC_PT_COUPS
COUP0394,SLE,Sierra Leone,1992-12-29,1992,fallido,SRC_PT_COUPS
COUP0395,TCD,Chad,1993-01-27,1993,fallido,SRC_PT_COUPS
COUP0396,BDI,Burundi,1993-07-03,1993,fallido,SRC_PT_COUPS
COUP0397,BDI,Burundi,1993-10-21,1993,fallido,SRC_PT_COUPS
COUP0398,LBY,Libya,1993-10-23,1993,fallido,SRC_PT_COUPS
COUP0399,NGA,Nigeria,1993-11-17,1993,exitoso,SRC_PT_COUPS
COUP0400,RWA,Rwanda,1994-04-07,1994,exitoso,SRC_PT_COUPS
COUP0401,GMB,Gambia,1994-07-23,1994,exitoso,SRC_PT_COUPS
COUP0402,LSO,Lesotho,1994-08-17,1994,exitoso,SRC_PT_COUPS
COUP0403,LBR,Liberia,1994-09-15,1994,fallido,SRC_PT_COUPS
COUP0404,AZE,Azerbaijan,1994-10-04,1994,fallido,SRC_PT_COUPS
COUP0405,GMB,Gambia,1994-11-11,1994,fallido,SRC_PT_COUPS
COUP0406,AZE,Azerbaijan,1995-03-13,1995,fallido,SRC_PT_COUPS
COUP0407,IRQ,Iraq,1995-06-15,1995,fallido,SRC_PT_COUPS
COUP0408,QAT,Qatar,1995-06-27,1995,exitoso,SRC_PT_COUPS
COUP0409,STP,Sao Tome and Principe,1995-08-15,1995,fallido,SRC_PT_COUPS
COUP0410,SLE,Sierra Leone,1995-10-02,1995,fallido,SRC_PT_COUPS
COUP0411,SLE,Sierra Leone,1996-01-16,1996,exitoso,SRC_PT_COUPS
COUP0412,NER,Niger,1996-01-27,1996,exitoso,SRC_PT_COUPS
COUP0413,GIN,Guinea,1996-02-03,1996,fallido,SRC_PT_COUPS
COUP0414,QAT,Qatar,1996-02-20,1996,fallido,SRC_PT_COUPS
COUP0415,BGD,Bangladesh,1996-05-20,1996,fallido,SRC_PT_COUPS
COUP0416,BDI,Burundi,1996-07-25,1996,exitoso,SRC_PT_COUPS
COUP0417,SLE,Sierra Leone,1997-05-25,1997,exitoso,SRC_PT_COUPS
COUP0418,KHM,Cambodia,1997-07-05,1997,exitoso,SRC_PT_COUPS
COUP0419,ZMB,Zambia,1997-10-28,1997,fallido,SRC_PT_COUPS
COUP0420,GNB,Guinea-Bissau,1998-06-07,1998,fallido,SRC_PT_COUPS
COUP0421,NER,Niger,1999-04-09,1999,exitoso,SRC_PT_COUPS
COUP0422,COM,Comoros,1999-04-30,1999,exitoso,SRC_PT_COUPS
COUP0423,GNB,Guinea-Bissau,1999-05-07,1999,exitoso,SRC_PT_COUPS
COUP0424,HND,Honduras,1999-07-30,1999,fallido,SRC_PT_COUPS
COUP0425,PAK,Pakistan,1999-10-12,1999,exitoso,SRC_PT_COUPS
COUP0426,CIV,Ivory Coast,1999-12-24,1999,exitoso,SRC_PT_COUPS
COUP0427,ECU,Ecuador,2000-01-21,2000,fallido,SRC_PT_COUPS
COUP0428,COM,Comoros,2000-03-21,2000,fallido,SRC_PT_COUPS
COUP0429,PRY,Paraguay,2000-05-18,2000,fallido,SRC_PT_COUPS
COUP0430,FJI,Fiji,2000-05-29,2000,exitoso,SRC_PT_COUPS
COUP0431,CIV,Ivory Coast,2000-09-18,2000,fallido,SRC_PT_COUPS
COUP0432,PER,Peru,2000-10-30,2000,fallido,SRC_PT_COUPS
COUP0433,GNB,Guinea-Bissau,2000-11-23,2000,fallido,SRC_PT_COUPS
COUP0434,DJI,Djibouti,2000-12-07,2000,fallido,SRC_PT_COUPS
COUP0435,CIV,Ivory Coast,2001-01-06,2001,fallido,SRC_PT_COUPS
COUP0436,BDI,Burundi,2001-04-18,2001,fallido,SRC_PT_COUPS
COUP0437,CAF,Central African Republic,2001-05-28,2001,fallido,SRC_PT_COUPS
COUP0438,BDI,Burundi,2001-07-22,2001,fallido,SRC_PT_COUPS
COUP0439,VEN,Venezuela,2002-04-12,2002,fallido,SRC_PT_COUPS
COUP0440,CIV,Ivory Coast,2002-09-19,2002,fallido,SRC_PT_COUPS
COUP0441,CAF,Central African Republic,2003-03-15,2003,exitoso,SRC_PT_COUPS
COUP0442,MRT,Mauritania,2003-06-08,2003,fallido,SRC_PT_COUPS
COUP0443,STP,Sao Tome and Principe,2003-07-16,2003,exitoso,SRC_PT_COUPS
COUP0444,GNB,Guinea-Bissau,2003-09-14,2003,exitoso,SRC_PT_COUPS
COUP0445,COD,Democratic Republic of the Congo,2004-03-28,2004,fallido,SRC_PT_COUPS
COUP0446,COD,Democratic Republic of the Congo,2004-06-11,2004,fallido,SRC_PT_COUPS
COUP0447,TGO,Togo,2005-02-05,2005,exitoso,SRC_PT_COUPS
COUP0448,MRT,Mauritania,2005-08-03,2005,exitoso,SRC_PT_COUPS
COUP0449,TCD,Chad,2006-04-13,2006,fallido,SRC_PT_COUPS
COUP0450,THA,Thailand,2006-09-19,2006,exitoso,SRC_PT_COUPS
COUP0451,FJI,Fiji,2006-12-05,2006,exitoso,SRC_PT_COUPS
COUP0452,MRT,Mauritania,2008-08-06,2008,exitoso,SRC_PT_COUPS
COUP0453,GNB,Guinea Bissau,2008-11-23,2008,fallido,SRC_PT_COUPS
COUP0454,GIN,Guinea,2008-12-23,2008,exitoso,SRC_PT_COUPS
COUP0455,MDG,Madagascar,2009-03-17,2009,exitoso,SRC_PT_COUPS
COUP0456,HND,Honduras,2009-06-28,2009,exitoso,SRC_PT_COUPS
COUP0457,NER,Niger,2010-02-18,2010,exitoso,SRC_PT_COUPS
COUP0458,GNB,Guinea-Bissau,2010-04-01,2010,fallido,SRC_PT_COUPS
COUP0459,MDG,Madagascar,2010-11-17,2010,fallido,SRC_PT_COUPS
COUP0460,EGY,Egypt,2011-02-11,2011,exitoso,SRC_PT_COUPS
COUP0461,GIN,Guinea,2011-07-19,2011,fallido,SRC_PT_COUPS
COUP0462,PNG,Papua New Guinea,2012-01-26,2012,fallido,SRC_PT_COUPS
COUP0463,MDV,Maldives,2012-02-07,2012,exitoso,SRC_PT_COUPS
COUP0464,MLI,Mali,2012-03-22,2012,exitoso,SRC_PT_COUPS
COUP0465,GNB,Guinea-Bissau,2012-04-12,2012,exitoso,SRC_PT_COUPS
COUP0466,MLI,Mali,2012-05-01,2012,fallido,SRC_PT_COUPS
COUP0467,SDN,Sudan,2012-11-22,2012,fallido,SRC_PT_COUPS
COUP0468,EGY,Egypt,2013-07-03,2013,exitoso,SRC_PT_COUPS
COUP0469,UKR,Ukraine,2014-02-22,2014,exitoso,SRC_PT_COUPS
COUP0470,THA,Thailand,2014-05-22,2014,exitoso,SRC_PT_COUPS
COUP0471,LSO,Lesotho,2014-08-30,2014,fallido,SRC_PT_COUPS
COUP0472,BFA,Burkina Faso,2014-10-30,2014,exitoso,SRC_PT_COUPS
COUP0473,BDI,Burundi,2015-05-13,2015,fallido,SRC_PT_COUPS
