agency_id,country_id,name,acronym,agency_type,founded,dissolved,predecessor,parent_body,competences,oversight,official_url,notes,certainty,source_ids,verification_status
INT001,USA,Central Intelligence Agency,CIA,inteligencia_exterior_y_operaciones_encubiertas,1947-09-18,,"Office of Strategic Services (OSS, 1942-1945); Central Intelligence Group (1946)",Director of National Intelligence (desde 2004),"HUMINT exterior, análisis, acción encubierta (con hallazgo presidencial)",Comités de inteligencia del Senado (1976) y Cámara (1977),https://www.cia.gov/,Creada por la National Security Act de 1947.,Alta,SRC_OFFICIAL_AGENCY;SRC_ACADEMIC_HIST,CONOC_EXPERTO
INT002,USA,National Security Agency,NSA,inteligencia_de_senales_y_ciberseguridad,1952-11-04,,Armed Forces Security Agency,Departamento de Defensa,"SIGINT, criptología, ciberdefensa",FISA Court (1978); comités del Congreso,https://www.nsa.gov/,,Alta,SRC_OFFICIAL_AGENCY;SRC_ACADEMIC_HIST,CONOC_EXPERTO
INT003,USA,Federal Bureau of Investigation,FBI,seguridad_interior_y_contrainteligencia,1908-07-26,,Bureau of Investigation,Departamento de Justicia,"Policía federal, contrainteligencia, contraterrorismo",Congreso; Inspector General del DOJ,https://www.fbi.gov/,,Alta,SRC_OFFICIAL_AGENCY;SRC_ACADEMIC_HIST,CONOC_EXPERTO
INT004,USA,Defense Intelligence Agency,DIA,inteligencia_militar,1961-10-01,,,Departamento de Defensa,Inteligencia militar,Congreso,https://www.dia.mil/,,Alta,SRC_OFFICIAL_AGENCY;SRC_ACADEMIC_HIST,CONOC_EXPERTO
INT005,USA,Office of the Director of National Intelligence,ODNI,coordinacion,2005-04-22,,Director of Central Intelligence (funciones de coordinación),Presidencia,Coordinación de la comunidad de inteligencia (18 organismos),Congreso,https://www.dni.gov/,Creada por la IRTPA de 2004 tras la Comisión del 11-S.,Alta,SRC_OFFICIAL_AGENCY;SRC_ACADEMIC_HIST,CONOC_EXPERTO
INT006,GBR,Secret Intelligence Service,SIS/MI6,inteligencia_exterior,1909,,Secret Service Bureau,"Foreign, Commonwealth and Development Office",HUMINT exterior,Intelligence and Security Committee (1994); reconocido por ley en 1994,https://www.sis.gov.uk/,,Alta,SRC_OFFICIAL_AGENCY;SRC_ACADEMIC_HIST,CONOC_EXPERTO
INT007,GBR,Security Service,MI5,seguridad_interior_y_contrainteligencia,1909,,Secret Service Bureau,Home Office,"Contrainteligencia, contraterrorismo",Security Service Act 1989; ISC,https://www.mi5.gov.uk/,,Alta,SRC_OFFICIAL_AGENCY;SRC_ACADEMIC_HIST,CONOC_EXPERTO
INT008,GBR,Government Communications Headquarters,GCHQ,inteligencia_de_senales,1919,,Government Code and Cypher School (Bletchley Park),"Foreign, Commonwealth and Development Office",SIGINT; NCSC (desde 2016),Intelligence Services Act 1994; IPT,https://www.gchq.gov.uk/,,Alta,SRC_OFFICIAL_AGENCY;SRC_ACADEMIC_HIST,CONOC_EXPERTO
INT009,RUS,Comité para la Seguridad del Estado (URSS),KGB,inteligencia_y_policia_politica,1954-03-13,1991-12-03,NKVD/MGB (Cheka 1917),Consejo de Ministros / PCUS,"Inteligencia exterior, contrainteligencia, policía política, guardia de fronteras",Partido Comunista (control político),,"Dividido en SVR, FSK/FSB y otros organismos tras 1991.",Alta,SRC_OFFICIAL_AGENCY;SRC_ACADEMIC_HIST,CONOC_EXPERTO
INT010,RUS,Servicio Federal de Seguridad,FSB,seguridad_interior_contrainteligencia,1995-04-03,,"KGB (2ª Dirección), FSK",Presidencia,"Contrainteligencia, contraterrorismo, guardia de fronteras, operaciones en el 'extranjero cercano'",Control presidencial; supervisión parlamentaria limitada,http://www.fsb.ru/,,Alta,SRC_OFFICIAL_AGENCY;SRC_ACADEMIC_HIST,CONOC_EXPERTO
INT011,RUS,Servicio de Inteligencia Exterior,SVR,inteligencia_exterior,1991-12-18,,KGB Primera Dirección General,Presidencia,HUMINT exterior,Presidencia,http://svr.gov.ru/,,Alta,SRC_OFFICIAL_AGENCY;SRC_ACADEMIC_HIST,CONOC_EXPERTO
INT012,RUS,Dirección Principal del Estado Mayor (inteligencia militar),GRU/GU,inteligencia_militar_y_operaciones,1918-11-05,,Registraupr,Estado Mayor de las Fuerzas Armadas,"Inteligencia militar, fuerzas especiales, ciberoperaciones (unidades 26165, 74455 según acusaciones de EE.UU.)",Ministerio de Defensa,,"Renombrado GU en 2010, el acrónimo GRU sigue en uso común.",Alta,SRC_OFFICIAL_AGENCY;SRC_ACADEMIC_HIST,CONOC_EXPERTO
INT013,CHN,Ministerio de Seguridad del Estado,MSS,inteligencia_exterior_y_contrainteligencia,1983-07-01,,Departamento de Investigación Central del PCCh,Consejo de Estado / Comisión Central de Seguridad Nacional,"Inteligencia exterior, contrainteligencia, seguridad política",PCCh,,,Alta,SRC_OFFICIAL_AGENCY;SRC_ACADEMIC_HIST,CONOC_EXPERTO
INT014,CHN,Ministerio de Seguridad Pública,MPS,policia_y_seguridad_interior,1949-10,,,Consejo de Estado,"Policía, seguridad interior",PCCh,,,Alta,SRC_OFFICIAL_AGENCY;SRC_ACADEMIC_HIST,CONOC_EXPERTO
INT015,CHN,Departamento de Estado Mayor Conjunto – inteligencia (EPL); antigua 3PLA,JSD/SSF,inteligencia_militar_y_senales,2015-12-31,,Departamentos 2 y 3 del Estado Mayor General,Comisión Militar Central,"Inteligencia militar, SIGINT, ciberoperaciones (Fuerza de Apoyo Estratégico 2015-2024; reorganizada en abril 2024)",PCCh,,,Media,SRC_OFFICIAL_AGENCY;SRC_ACADEMIC_HIST,CONOC_EXPERTO
INT016,ISR,Instituto de Inteligencia y Operaciones Especiales,Mossad,inteligencia_exterior_y_operaciones,1949-12-13,,,Oficina del Primer Ministro,"HUMINT exterior, operaciones encubiertas",Comité de la Knesset,https://www.mossad.gov.il/,,Alta,SRC_OFFICIAL_AGENCY;SRC_ACADEMIC_HIST,CONOC_EXPERTO
INT017,ISR,Servicio de Seguridad General,Shin Bet/Shabak,seguridad_interior,1949-02-08,,,Oficina del Primer Ministro,"Contraterrorismo, contrainteligencia",Knesset,https://www.shabak.gov.il/,,Alta,SRC_OFFICIAL_AGENCY;SRC_ACADEMIC_HIST,CONOC_EXPERTO
INT018,ISR,Dirección de Inteligencia Militar,Aman,inteligencia_militar,1950,,,FDI,Inteligencia militar; Unidad 8200 (SIGINT),Ministerio de Defensa,,,Alta,SRC_OFFICIAL_AGENCY;SRC_ACADEMIC_HIST,CONOC_EXPERTO
INT019,FRA,Direction générale de la Sécurité extérieure,DGSE,inteligencia_exterior,1982-04-02,,SDECE (1946-1982),Ministerio de las Fuerzas Armadas,Inteligencia exterior y acción,Délégation parlementaire au renseignement (2007),https://www.dgse.gouv.fr/,,Alta,SRC_OFFICIAL_AGENCY;SRC_ACADEMIC_HIST,CONOC_EXPERTO
INT020,FRA,Direction générale de la Sécurité intérieure,DGSI,seguridad_interior,2014-05-12,,"DCRI (2008), DST y RG",Ministerio del Interior,"Contrainteligencia, contraterrorismo",DPR,https://www.dgsi.interieur.gouv.fr/,,Alta,SRC_OFFICIAL_AGENCY;SRC_ACADEMIC_HIST,CONOC_EXPERTO
INT021,DEU,Bundesnachrichtendienst,BND,inteligencia_exterior,1956-04-01,,Organización Gehlen (1946-1956),Cancillería Federal,Inteligencia exterior,Parlamentarisches Kontrollgremium,https://www.bnd.bund.de/,,Alta,SRC_OFFICIAL_AGENCY;SRC_ACADEMIC_HIST,CONOC_EXPERTO
INT022,DEU,Bundesamt für Verfassungsschutz,BfV,seguridad_interior,1950-11-07,,,Ministerio Federal del Interior,"Protección constitucional, contrainteligencia",PKGr,https://www.verfassungsschutz.de/,,Alta,SRC_OFFICIAL_AGENCY;SRC_ACADEMIC_HIST,CONOC_EXPERTO
INT023,DDR,Ministerium für Staatssicherheit,Stasi/MfS,policia_politica_e_inteligencia,1950-02-08,1990-03-31,,SED,"Policía política, inteligencia exterior (HVA)",SED,https://www.stasi-unterlagen-archiv.de/,"Archivos abiertos (BStU, hoy Archivo Federal).",Alta,SRC_OFFICIAL_AGENCY;SRC_ACADEMIC_HIST,CONOC_EXPERTO
INT024,IND,Research and Analysis Wing,R&AW,inteligencia_exterior,1968-09-21,,Intelligence Bureau (funciones exteriores),Secretaría del Gabinete,Inteligencia exterior,Sin supervisión parlamentaria estatutaria,,,Alta,SRC_OFFICIAL_AGENCY;SRC_ACADEMIC_HIST,CONOC_EXPERTO
INT025,IND,Intelligence Bureau,IB,seguridad_interior,1887,,,Ministerio del Interior,"Inteligencia interior, contrainteligencia",,,,Media,SRC_OFFICIAL_AGENCY;SRC_ACADEMIC_HIST,CONOC_EXPERTO
INT026,PAK,Inter-Services Intelligence,ISI,inteligencia_militar_y_exterior,1948,,,Fuerzas Armadas / Primer Ministro (formalmente),Inteligencia exterior e interior; operaciones en Afganistán y Cachemira,Débil control civil,,Papel en el apoyo a muyahidines (1980s) y talibanes ampliamente documentado.,Alta,SRC_OFFICIAL_AGENCY;SRC_ACADEMIC_HIST,CONOC_EXPERTO
INT027,IRN,Ministerio de Inteligencia,MOIS/VAJA,inteligencia_y_seguridad,1984-08-18,,"SAVAK (1957-1979, disuelto)",Presidencia / Líder Supremo,Inteligencia exterior e interior,Líder Supremo,,,Alta,SRC_OFFICIAL_AGENCY;SRC_ACADEMIC_HIST,CONOC_EXPERTO
INT028,IRN,Fuerza Quds del Cuerpo de Guardianes de la Revolución Islámica,IRGC-QF,operaciones_exteriores_y_apoyo_a_proxies,1988,,,CGRI / Líder Supremo,"Operaciones exteriores, apoyo a Hezbolá, milicias iraquíes, hutíes",Líder Supremo,,Comandante Qasem Soleimani muerto por EE.UU. el 03-01-2020.,Alta,SRC_OFFICIAL_AGENCY;SRC_ACADEMIC_HIST,CONOC_EXPERTO
INT029,TUR,Organización Nacional de Inteligencia,MİT,inteligencia_exterior_e_interior,1965-07-22,,MAH (1926),Presidencia (desde 2017),Inteligencia exterior e interior,Presidencia,https://www.mit.gov.tr/,,Alta,SRC_OFFICIAL_AGENCY;SRC_ACADEMIC_HIST,CONOC_EXPERTO
INT030,SAU,Presidencia General de Inteligencia,GIP,inteligencia_exterior,1955,,,Corona,Inteligencia exterior,Corona,,,Media,SRC_OFFICIAL_AGENCY;SRC_ACADEMIC_HIST,CONOC_EXPERTO
INT031,EGY,Servicio General de Inteligencia,GIS/Mukhabarat,inteligencia_exterior_e_interior,1954,,,Presidencia,,,,,Media,SRC_OFFICIAL_AGENCY;SRC_ACADEMIC_HIST,CONOC_EXPERTO
INT032,JPN,Oficina de Investigación e Inteligencia del Gabinete,CIRO/Naichō,inteligencia_y_coordinacion,1952,,,Secretaría del Gabinete,"Análisis, coordinación",,https://www.cas.go.jp/,,Media,SRC_OFFICIAL_AGENCY;SRC_ACADEMIC_HIST,CONOC_EXPERTO
INT033,KOR,Servicio Nacional de Inteligencia,NIS,inteligencia_exterior_e_interior,1961-06-10,,"KCIA (1961-1981), ANSP (1981-1999)",Presidencia,"Inteligencia exterior, contrainteligencia (funciones de investigación interna transferidas a la policía en 2024)",Asamblea Nacional,https://www.nis.go.kr/,,Alta,SRC_OFFICIAL_AGENCY;SRC_ACADEMIC_HIST,CONOC_EXPERTO
INT034,PRK,Oficina General de Reconocimiento,RGB,inteligencia_y_operaciones_especiales,2009,,Varias agencias del Partido y del Ejército,Comisión de Asuntos Estatales,"Operaciones encubiertas, ciberoperaciones (grupo Lazarus según atribuciones de EE.UU.)",Liderazgo,,,Media,SRC_OFFICIAL_AGENCY;SRC_ACADEMIC_HIST,CONOC_EXPERTO
INT035,AUS,Australian Secret Intelligence Service,ASIS,inteligencia_exterior,1952-05-13,,,Departamento de Asuntos Exteriores y Comercio,HUMINT exterior,Parliamentary Joint Committee on Intelligence and Security,https://www.asis.gov.au/,,Alta,SRC_OFFICIAL_AGENCY;SRC_ACADEMIC_HIST,CONOC_EXPERTO
INT036,AUS,Australian Security Intelligence Organisation,ASIO,seguridad_interior,1949-03-16,,,Departamento del Interior / Fiscal General,"Contrainteligencia, contraterrorismo",PJCIS; IGIS,https://www.asio.gov.au/,,Alta,SRC_OFFICIAL_AGENCY;SRC_ACADEMIC_HIST,CONOC_EXPERTO
INT037,CAN,Canadian Security Intelligence Service,CSIS,seguridad_interior,1984-07-16,,RCMP Security Service,Public Safety Canada,Seguridad interior y algunas funciones exteriores,"NSIRA, NSICOP",https://www.canada.ca/en/security-intelligence-service.html,Creado tras la Comisión McDonald.,Alta,SRC_OFFICIAL_AGENCY;SRC_ACADEMIC_HIST,CONOC_EXPERTO
INT038,ESP,Centro Nacional de Inteligencia,CNI,inteligencia_exterior_e_interior,2002-05-06,,"CESID (1977-2002), SECED",Ministerio de Defensa,"Inteligencia, contrainteligencia, CCN-CERT",Comisión de Secretos Oficiales del Congreso; control judicial previo (Magistrado del TS),https://www.cni.es/,,Alta,SRC_OFFICIAL_AGENCY;SRC_ACADEMIC_HIST,CONOC_EXPERTO
INT039,ITA,Agenzia Informazioni e Sicurezza Esterna,AISE,inteligencia_exterior,2007-08-03,,"SISMI (1977-2007), SIFAR, SID",Presidencia del Consejo,Inteligencia exterior,COPASIR,https://www.sicurezzanazionale.gov.it/,,Alta,SRC_OFFICIAL_AGENCY;SRC_ACADEMIC_HIST,CONOC_EXPERTO
INT040,ARG,Agencia Federal de Inteligencia / Secretaría de Inteligencia del Estado,AFI/SIDE,inteligencia_nacional,1946,,"CIDE (1946), SIDE (1956), SI (2001), AFI (2015), SIDE (2024)",Presidencia,Inteligencia nacional,Comisión Bicameral de Fiscalización,,Reorganizaciones frecuentes; la AFI volvió a denominarse SIDE en 2024.,Media,SRC_OFFICIAL_AGENCY;SRC_ACADEMIC_HIST,CONOC_EXPERTO
INT041,BRA,Agência Brasileira de Inteligência,ABIN,inteligencia_nacional,1999-12-07,,SNI (1964-1990),Gabinete de Seguridad Institucional / Casa Civil (2023),Inteligencia,Comisión Mixta de Control de Actividades de Inteligencia,https://www.gov.br/abin/,,Alta,SRC_OFFICIAL_AGENCY;SRC_ACADEMIC_HIST,CONOC_EXPERTO
INT042,CHL,Agencia Nacional de Inteligencia,ANI,inteligencia_nacional,2004-12-31,,"DINA (1974-1977), CNI (1977-1990), DISPI",Ministerio del Interior,Inteligencia estratégica (sin facultades operativas policiales),Comisión de Control del Sistema de Inteligencia (Cámara),https://www.ani.gob.cl/,La DINA fue responsable de graves violaciones de DD.HH. (Informe Rettig).,Alta,SRC_OFFICIAL_AGENCY;SRC_ACADEMIC_HIST,CONOC_EXPERTO
INT043,CUB,Dirección de Inteligencia,DI (G2),inteligencia_exterior,1961,,,Ministerio del Interior,Inteligencia exterior; influyente en Venezuela tras 2000,PCC,,,Media,SRC_OFFICIAL_AGENCY;SRC_ACADEMIC_HIST,CONOC_EXPERTO
INT044,MEX,Centro Nacional de Inteligencia,CNI,inteligencia_nacional,2018-12-01,,"DFS (1947-1985), CISEN (1989-2018)",Secretaría de Seguridad y Protección Ciudadana,Inteligencia de seguridad nacional,Comisión Bicameral de Seguridad Nacional,,,Media,SRC_OFFICIAL_AGENCY;SRC_ACADEMIC_HIST,CONOC_EXPERTO
INT045,COL,Dirección Nacional de Inteligencia,DNI,inteligencia_nacional,2011-11-03,,"DAS (1953-2011, suprimido tras escándalo de interceptaciones)",Presidencia,Inteligencia estratégica,Comisión Legal de Inteligencia,,,Alta,SRC_OFFICIAL_AGENCY;SRC_ACADEMIC_HIST,CONOC_EXPERTO
INT046,VEN,Servicio Bolivariano de Inteligencia Nacional,SEBIN,inteligencia_y_policia_politica,2010-06,,DISIP (1969-2010),Presidencia,Inteligencia y contrainteligencia; detención de opositores documentada por la Misión de la ONU,Escasa,,,Media,SRC_OFFICIAL_AGENCY;SRC_ACADEMIC_HIST,CONOC_EXPERTO
INT047,ZAF,State Security Agency,SSA,inteligencia_nacional,2009-10,,"NIA y SASS (1994), BOSS (1969)",Presidencia,,Joint Standing Committee on Intelligence,,Informe del Panel de Revisión de Alto Nivel (2018) documentó politización.,Media,SRC_OFFICIAL_AGENCY;SRC_ACADEMIC_HIST,CONOC_EXPERTO
INT048,NLD,Algemene Inlichtingen- en Veiligheidsdienst,AIVD,inteligencia_y_seguridad,2002-05-29,,BVD (1949-2002),Ministerio del Interior,,CTIVD; Comisión de la Cámara,https://www.aivd.nl/,,Alta,SRC_OFFICIAL_AGENCY;SRC_ACADEMIC_HIST,CONOC_EXPERTO
INT049,UKR,Servicio de Seguridad de Ucrania,SBU,seguridad_interior_y_contrainteligencia,1991-09-20,,KGB de la RSS de Ucrania,Presidencia,"Contrainteligencia, operaciones especiales (también en territorio ruso desde 2022)",Rada Suprema,https://ssu.gov.ua/,,Alta,SRC_OFFICIAL_AGENCY;SRC_ACADEMIC_HIST,CONOC_EXPERTO
INT050,UKR,Dirección Principal de Inteligencia (HUR),HUR/GUR,inteligencia_militar,1992-09-07,,,Ministerio de Defensa,Inteligencia militar y operaciones especiales,,https://gur.gov.ua/,,Alta,SRC_OFFICIAL_AGENCY;SRC_ACADEMIC_HIST,CONOC_EXPERTO
INT051,POL,Agencja Wywiadu,AW,inteligencia_exterior,2002-06-29,,"UOP (1990-2002), SB (comunista)",Primer Ministro,,Comisión de Servicios Especiales del Sejm,https://aw.gov.pl/,,Alta,SRC_OFFICIAL_AGENCY;SRC_ACADEMIC_HIST,CONOC_EXPERTO
INT052,EST,Välisluureamet,EFIS,inteligencia_exterior,1992,,,Ministerio de Defensa,Informes públicos anuales sobre amenazas,,https://www.valisluureamet.ee/,,Media,SRC_OFFICIAL_AGENCY;SRC_ACADEMIC_HIST,CONOC_EXPERTO
