case_id,name,date_start,date_end,case_type,perpetrator,target,agencies,description,outcome,certainty_type,certainty,source_ids,verification_status
IC001,Proyecto Venona,1943,1980,criptoanalisis_contrainteligencia,USA;GBR,RUS,Army SIS/NSA;GCHQ,Descifrado parcial de comunicaciones soviéticas que reveló redes de espionaje (incl. espionaje atómico).,Desclasificado en 1995,desclasificado,Alta,SRC_ACADEMIC_HIST,CONOC_EXPERTO
IC002,"Espionaje atómico soviético (Fuchs, Rosenberg)",1944,1951,espionaje,RUS,USA;GBR,NKVD/MGB,Transferencia de información del Proyecto Manhattan.,Condenas de Fuchs (1950) y de los Rosenberg (1951),hecho_acreditado_judicial,Alta,SRC_ACADEMIC_HIST,CONOC_EXPERTO
IC003,Los Cinco de Cambridge,1934,1963,penetracion_institucional,RUS,GBR,NKVD/KGB,"Philby, Burgess, Maclean, Blunt y Cairncross espiaron para la URSS desde el MI6 y el Foreign Office.","Deserciones (1951, 1963)",reconocido_oficialmente,Alta,SRC_ACADEMIC_HIST,CONOC_EXPERTO
IC004,Operación Ajax/TPAJAX – golpe en Irán,1953-08-15,1953-08-19,golpe_apoyado_encubiertamente,USA;GBR,IRN,CIA;SIS,Derrocamiento del primer ministro Mosaddeq tras la nacionalización del petróleo.,Reconocido por la CIA en documentos desclasificados (2013) y por el Departamento de Estado (FRUS 2017),desclasificado,Alta,SRC_FRUS,CONOC_EXPERTO
IC005,Operación PBSuccess – golpe en Guatemala,1954-06-18,1954-06-27,golpe_apoyado_encubiertamente,USA,GTM,CIA,Derrocamiento de Jacobo Árbenz.,Documentado en FRUS y documentos desclasificados,desclasificado,Alta,SRC_FRUS,CONOC_EXPERTO
IC006,Invasión de Bahía de Cochinos,1961-04-17,1961-04-20,operacion_paramilitar,USA,CUB,CIA,Desembarco de la Brigada 2506 organizada por la CIA.,Fracaso; reconocido oficialmente,reconocido_oficialmente,Alta,SRC_FRUS,CONOC_EXPERTO
IC007,Incidente del U-2 (Gary Powers),1960-05-01,1960-05-01,reconocimiento_aereo,USA,RUS,CIA,Derribo de un avión espía U-2 sobre la URSS.,Fracaso de la cumbre de París,reconocido_oficialmente,Alta,SRC_ACADEMIC_HIST,CONOC_EXPERTO
IC008,Operación Mongoose,1961-11,1962-10,accion_encubierta,USA,CUB,CIA,"Programa de sabotaje y desestabilización contra Cuba, incluidos planes de asesinato de Castro.",Documentado por el Comité Church,desclasificado,Alta,SRC_CHURCH,CONOC_EXPERTO
IC009,"Intervención encubierta en Chile (Track II, financiación de oposición)",1964,1973,accion_encubierta,USA,CHL,CIA,Financiación de la oposición a Allende y esfuerzos para impedir su investidura (1970).,El Comité Church y desclasificaciones (1999-2000) documentan la acción; no hallaron participación directa en el golpe de 1973,desclasificado,Alta,SRC_CHURCH;SRC_FRUS,CONOC_EXPERTO
IC010,Operación Cóndor,1975-11,1983,cooperacion_represiva_transnacional,CHL;ARG;URY;PRY;BOL;BRA,Opositores exiliados,DINA y servicios del Cono Sur,Red de coordinación de inteligencia para secuestrar y asesinar opositores.,Condenas judiciales en Argentina (2016) e Italia,hecho_acreditado_judicial,Alta,SRC_ACADEMIC_HIST,CONOC_EXPERTO
IC011,Asesinato de Orlando Letelier,1976-09-21,1976-09-21,asesinato_selectivo,CHL,Opositor chileno en EE.UU.,DINA,Atentado con bomba en Washington D.C.,Condena de Manuel Contreras en Chile (1993),hecho_acreditado_judicial,Alta,SRC_ACADEMIC_HIST,CONOC_EXPERTO
IC012,Caso Watergate (dimensión de inteligencia),1972-06-17,1974-08-09,abuso_inteligencia_interior,USA,Partido Demócrata,Comité de reelección / exagentes CIA y FBI,Allanamiento y encubrimiento; reveló abusos de agencias.,"Dimisión de Nixon; reformas (Comités de inteligencia, FISA 1978)",hecho_acreditado_judicial,Alta,SRC_CHURCH,CONOC_EXPERTO
IC013,Affaire Guillaume,1956,1974-04-24,penetracion_institucional,DDR,DEU,Stasi (HVA),"Günter Guillaume, asesor de Willy Brandt, era agente de la RDA.",Dimisión de Brandt (1974),hecho_acreditado_judicial,Alta,SRC_ACADEMIC_HIST,CONOC_EXPERTO
IC014,Hundimiento del Rainbow Warrior,1985-07-10,1985-07-10,sabotaje,FRA,Greenpeace (NZL),DGSE,Voladura del buque de Greenpeace en Auckland (1 muerto).,Reconocido por el gobierno francés; dimisión del ministro de Defensa,reconocido_oficialmente,Alta,SRC_ACADEMIC_HIST,CONOC_EXPERTO
IC015,Escándalo Irán-Contra,1985,1987,operacion_encubierta_ilegal,USA,IRN;NIC,NSC;CIA,Venta secreta de armas a Irán para financiar a la Contra pese a la Enmienda Boland.,Comisión Tower; condenas (algunas anuladas o indultadas),hecho_acreditado_judicial,Alta,SRC_ACADEMIC_HIST,CONOC_EXPERTO
IC016,Aldrich Ames,1985,1994-02-21,penetracion_institucional,RUS,USA,KGB/SVR,Oficial de la CIA que reveló agentes soviéticos al servicio de EE.UU.,Cadena perpetua,hecho_acreditado_judicial,Alta,SRC_DOJ_INDICT,CONOC_EXPERTO
IC017,Robert Hanssen,1979,2001-02-18,penetracion_institucional,RUS,USA,KGB/SVR,Agente del FBI que espió para la URSS/Rusia durante 22 años.,Cadena perpetua,hecho_acreditado_judicial,Alta,SRC_DOJ_INDICT,CONOC_EXPERTO
IC018,Archivo Mitrokhin,1972,1992,desercion_filtracion,GBR,RUS,SIS,Exfiltración del archivista del KGB Vasili Mitrokhin con notas sobre operaciones exteriores.,"Publicación (1999, 2005)",reconstruccion_historiografica,Media,SRC_MITROKHIN,CONOC_EXPERTO
IC019,Deserción de Oleg Gordievsky,1974,1985-07-20,agente_doble_desercion,GBR,RUS,SIS,Coronel del KGB que trabajó para el MI6; exfiltrado de Moscú (Operación Pimlico).,,reconocido_oficialmente,Alta,SRC_ACADEMIC_HIST,CONOC_EXPERTO
IC020,Revelaciones de Edward Snowden,2013-06-05,2013,filtracion,Contratista NSA,USA;GBR (programas de vigilancia),NSA;GCHQ,"Divulgación de programas de vigilancia masiva (PRISM, etc.).",USA FREEDOM Act (2015); asilo en Rusia,reconocido_oficialmente,Alta,SRC_ACADEMIC_HIST,CONOC_EXPERTO
IC021,Stuxnet,2007,2010,ciberoperacion_sabotaje,USA;ISR,IRN,NSA;Unidad 8200 (atribución periodística y académica),Malware que dañó centrifugadoras de Natanz.,No reconocido oficialmente; atribución ampliamente aceptada,reconstruccion_historiografica,Media,SRC_ACADEMIC_HIST,CONOC_EXPERTO
IC022,Envenenamiento de Alexander Litvinenko,2006-11-01,2006-11-23,asesinato_selectivo,RUS,GBR (residente),FSB,Envenenamiento con polonio-210 en Londres.,Investigación pública británica (2016): 'probablemente aprobado' por Pútin y Pátrushev; TEDH (2021) responsabiliza a Rusia,hecho_acreditado_judicial,Alta,SRC_ACADEMIC_HIST,CONOC_EXPERTO
IC023,Envenenamiento de Serguéi Skripal,2018-03-04,2018-03-04,asesinato_selectivo_intento,RUS,GBR,GRU (Unidad 29155 según el gobierno británico),Ataque con agente nervioso Novichok en Salisbury.,Expulsión coordinada de >150 diplomáticos rusos,atribuido_oficialmente_por_gobiernos,Alta,SRC_NCSC_ATTR,CONOC_EXPERTO
IC024,Injerencia rusa en las elecciones de EE.UU. 2016,2014,2016-11,operacion_influencia_ciberoperacion,RUS,USA,GRU (unidades 26165 y 74455); Internet Research Agency,Hackeo y filtración de correos del DNC y campañas en redes sociales.,Acusaciones formales del Fiscal Especial (2018); Informe Mueller (2019),atribuido_oficialmente_por_gobiernos,Alta,SRC_MUELLER,CONOC_EXPERTO
IC025,NotPetya,2017-06-27,2017-06-27,ciberataque_destructivo,RUS,UKR (y daño global),GRU (Unidad 74455/'Sandworm'),Malware destructivo; daños globales estimados en ~10.000 millones USD.,"Atribución conjunta EE.UU., Reino Unido y otros (2018); acusación DOJ (2020)",atribuido_oficialmente_por_gobiernos,Alta,SRC_NCSC_ATTR;SRC_DOJ_INDICT,CONOC_EXPERTO
IC026,Ataque a la red eléctrica ucraniana,2015-12-23,2015-12-23,ciberataque_infraestructura,RUS,UKR,"GRU ('Sandworm', atribución)",Primer apagón documentado causado por ciberataque (~225.000 clientes).,,atribuido_oficialmente_por_gobiernos,Media,SRC_NCSC_ATTR,CONOC_EXPERTO
IC027,WannaCry,2017-05-12,2017-05-15,ciberataque_ransomware,PRK,"Global (NHS británico, etc.)","Grupo Lazarus (RGB, atribución)",Ransomware que afectó a >200.000 equipos en 150 países.,Atribución oficial de EE.UU. y Reino Unido (12-2017),atribuido_oficialmente_por_gobiernos,Alta,SRC_NCSC_ATTR,CONOC_EXPERTO
IC028,Hackeo a Sony Pictures,2014-11-24,2014-11-24,ciberataque,PRK,USA (empresa),RGB (atribución FBI),Ataque destructivo y filtración tras la película 'The Interview'.,Atribución del FBI; sanciones,atribuido_oficialmente_por_gobiernos,Alta,SRC_DOJ_INDICT,CONOC_EXPERTO
IC029,Robo de datos de la OPM,2014,2015,ciberespionaje,CHN,USA,MSS (atribución mediática y de funcionarios),"Robo de ~21,5 millones de expedientes de seguridad de empleados federales.",Atribución no formal por el gobierno de EE.UU.,atribuido_oficialmente_por_gobiernos,Media,SRC_ACADEMIC_HIST,CONOC_EXPERTO
IC030,APT10 'Cloud Hopper',2014,2018,ciberespionaje_economico,CHN,Múltiples (proveedores de servicios gestionados),MSS (atribución),Campaña contra proveedores de TI para robar propiedad intelectual.,Acusación DOJ (12-2018) y atribución conjunta de 12 países,atribuido_oficialmente_por_gobiernos,Alta,SRC_DOJ_INDICT;SRC_NCSC_ATTR,CONOC_EXPERTO
IC031,Volt Typhoon,2021,2024,preposicionamiento_ciber_infraestructura,CHN,USA (infraestructura crítica),Actor estatal chino (atribución CISA/NSA/FBI),Acceso persistente a infraestructura crítica para posible disrupción futura.,"Avisos conjuntos (05-2023, 02-2024)",atribuido_oficialmente_por_gobiernos,Alta,SRC_NCSC_ATTR,CONOC_EXPERTO
IC032,Salt Typhoon,2022,2024,ciberespionaje_telecomunicaciones,CHN,USA (operadores de telecomunicaciones),Actor estatal chino (atribución),Intrusión en grandes operadoras de telecomunicaciones.,Avisos oficiales (2024),atribuido_oficialmente_por_gobiernos,Media,SRC_NCSC_ATTR,CONOC_EXPERTO
IC033,Asesinato de Jamal Khashoggi,2018-10-02,2018-10-02,asesinato_selectivo,SAU,Periodista saudí,Equipo vinculado a la GIP y al entorno del príncipe heredero,Asesinato en el consulado saudí de Estambul.,Condenas en Arabia Saudí; evaluación ODNI desclasificada (2021) atribuye aprobación al príncipe heredero,desclasificado,Alta,SRC_ACADEMIC_HIST,CONOC_EXPERTO
IC034,Operación Ira de Dios,1972,1979,asesinatos_selectivos,ISR,OLP/Septiembre Negro,Mossad,Campaña tras la masacre de Múnich 1972; incluye error de Lillehammer (1973).,Reconocimiento parcial,reconstruccion_historiografica,Media,SRC_ACADEMIC_HIST,CONOC_EXPERTO
IC035,Captura de Adolf Eichmann,1960-05-11,1960-05-11,secuestro_extraterritorial,ISR,ARG (territorio),Mossad,Secuestro de Eichmann en Buenos Aires.,Juicio y ejecución en Israel (1962); protesta argentina ante el CSNU,reconocido_oficialmente,Alta,SRC_ACADEMIC_HIST,CONOC_EXPERTO
IC036,Robo del archivo nuclear iraní,2018-01-31,2018-01-31,operacion_clandestina,ISR,IRN,Mossad,Sustracción del archivo nuclear en Teherán.,Anunciado por Netanyahu (30-04-2018),reconocido_oficialmente,Alta,SRC_ACADEMIC_HIST,CONOC_EXPERTO
IC037,Explosiones de buscapersonas de Hezbolá,2024-09-17,2024-09-18,sabotaje_cadena_suministro,ISR,Hezbolá (LBN),Mossad (atribución; reconocimiento posterior de Netanyahu en 11-2024),Detonación de miles de buscapersonas y radios.,,reconocido_oficialmente,Media,SRC_ACADEMIC_HIST,CONOC_EXPERTO
IC038,Sabotaje de Nord Stream,2022-09-26,2022-09-26,sabotaje_infraestructura,Disputado,RUS;DEU,Desconocido,Explosiones submarinas en los gasoductos Nord Stream 1 y 2.,Investigaciones de Suecia y Dinamarca cerradas sin acusación; Alemania emitió órdenes de detención contra ciudadanos ucranianos (2024-2025),acusacion_no_verificada,Baja,SRC_ACADEMIC_HIST,CONOC_EXPERTO
IC039,Caso Pegasus (NSO Group),2016,2021,vigilancia_spyware,Varios estados clientes,"Periodistas, activistas, políticos",Gobiernos clientes de NSO,Uso de spyware Pegasus contra objetivos civiles en múltiples países.,"Investigaciones (Citizen Lab, Amnistía, Forbidden Stories); sanciones de EE.UU. a NSO (2021); fallo judicial en EE.UU. contra NSO (WhatsApp, 2025)",reconstruccion_historiografica,Media,SRC_ACADEMIC_HIST,CONOC_EXPERTO
IC040,Red de 'ilegales' del SVR (Anna Chapman),2000,2010-06-27,espionaje,RUS,USA,SVR,Diez agentes durmientes detenidos por el FBI.,Canje en Viena (07-2010),hecho_acreditado_judicial,Alta,SRC_DOJ_INDICT,CONOC_EXPERTO
IC041,Fallos de inteligencia sobre ADM en Irak,2002,2004,fallo_de_inteligencia,USA;GBR,IRQ,CIA;SIS,Estimaciones erróneas sobre armas de destrucción masiva iraquíes.,"Comisión Robb-Silberman (2005), Informe Butler (2004), Informe Chilcot (2016)",reconocido_oficialmente,Alta,SRC_ACADEMIC_HIST,CONOC_EXPERTO
IC042,Fallo de inteligencia del 11-S,2001-09-11,2001-09-11,fallo_de_inteligencia,Al Qaeda,USA,CIA;FBI,Ausencia de detección y coordinación ante el complot de Al Qaeda.,Comisión del 11-S (2004); creación del ODNI,reconocido_oficialmente,Alta,SRC_ACADEMIC_HIST,CONOC_EXPERTO
IC043,Escándalo de 'chuzadas' del DAS,2003,2009,abuso_inteligencia_interior,COL,"Opositores, magistrados, periodistas",DAS,"Interceptaciones ilegales a magistrados de la Corte Suprema, opositores y periodistas.",Supresión del DAS (2011); condenas,hecho_acreditado_judicial,Alta,SRC_ACADEMIC_HIST,CONOC_EXPERTO
IC044,Atentado contra la AMIA,1994-07-18,1994-07-18,atentado_terrorista_patrocinio_estatal,IRN;Hezbolá (atribución judicial argentina),ARG,,Atentado contra la mutual judía AMIA en Buenos Aires (85 muertos).,Atribución judicial argentina a Irán y Hezbolá; Casación (2024) lo calificó de crimen de lesa humanidad; caso sin condenas a los autores intelectuales,acusacion_no_verificada,Media,SRC_ACADEMIC_HIST,CONOC_EXPERTO
IC045,Atentado de Lockerbie,1988-12-21,1988-12-21,atentado_terrorista_patrocinio_estatal,LBY,USA;GBR,Inteligencia libia,Voladura del vuelo Pan Am 103 (270 muertos).,Condena de al-Megrahi (2001); Libia aceptó responsabilidad y pagó compensaciones (2003),hecho_acreditado_judicial,Alta,SRC_ACADEMIC_HIST,CONOC_EXPERTO
IC046,Asesinato de Kim Jong-nam,2017-02-13,2017-02-13,asesinato_selectivo,PRK,Hermano de Kim Jong-un,RGB (atribución surcoreana y estadounidense),Asesinato con agente VX en el aeropuerto de Kuala Lumpur.,Atribución oficial de Corea del Sur y EE.UU.,atribuido_oficialmente_por_gobiernos,Alta,SRC_ACADEMIC_HIST,CONOC_EXPERTO
IC047,Asesinato de Qasem Soleimani,2020-01-03,2020-01-03,asesinato_selectivo_militar,USA,IRN,Departamento de Defensa,Ataque con dron en Bagdad.,Reconocido; represalia iraní contra bases en Irak (08-01-2020),reconocido_oficialmente,Alta,SRC_ACADEMIC_HIST,CONOC_EXPERTO
IC048,Asesinato de Mohsen Fajrizadeh,2020-11-27,2020-11-27,asesinato_selectivo,ISR (atribuido),IRN,Mossad (atribución),Asesinato del jefe del programa nuclear militar iraní con arma controlada remotamente.,No reconocido oficialmente,acusacion_no_verificada,Media,SRC_ACADEMIC_HIST,CONOC_EXPERTO
IC049,Envenenamiento de Alexéi Navalni,2020-08-20,2020-08-20,asesinato_selectivo_intento,RUS (atribuido),Opositor ruso,FSB (investigación Bellingcat/The Insider/CNN; atribución UE y OPAQ confirmó Novichok),Envenenamiento con agente Novichok.,Sanciones UE; Navalni murió en prisión el 16-02-2024,atribuido_oficialmente_por_gobiernos,Alta,SRC_ACADEMIC_HIST,CONOC_EXPERTO
IC050,Red Avispa ('Los Cinco' cubanos),1990,1998-09-12,espionaje,CUB,USA,DI cubana,Red de espionaje cubana en Florida ('Los Cinco').,Condenas (2001); liberación en canje de 2014,hecho_acreditado_judicial,Alta,SRC_DOJ_INDICT,CONOC_EXPERTO
IC051,Ana Belén Montes,1985,2001-09-21,penetracion_institucional,CUB,USA,DI cubana,Analista de la DIA que espió para Cuba durante 16 años.,Condena (2002),hecho_acreditado_judicial,Alta,SRC_DOJ_INDICT,CONOC_EXPERTO
IC052,Canje de prisioneros de Ankara,2024-08-01,2024-08-01,canje_de_agentes,RUS;USA;DEU;POL;SVN;NOR,,FSB;SVR;CIA;MIT,"Mayor canje de prisioneros desde la Guerra Fría (incluye a Vadim Krásikov, condenado en Alemania por asesinato en Berlín en 2019).",,reconocido_oficialmente,Alta,SRC_ACADEMIC_HIST,CONOC_EXPERTO
