result_id,country_id,date,election_type,round,candidate_or_party,party_or_coalition,votes,pct,seats,total_seats,turnout_pct,result_type,winner,notes,certainty,source_ids,verification_status
RE001,USA,2020-11-03,presidencial,1,Joe Biden,Partido Demócrata,81283501.0,51.3,306.0,538.0,66.6,oficial,1,"Escaños = votos electorales; participación sobre población con derecho a voto (VEP, estimación US Elections Project)",Alta,SRC_IPU_PARLINE;SRC_IDEA_ESD,CONOC_EXPERTO
RE002,USA,2020-11-03,presidencial,1,Donald Trump,Partido Republicano,74223975.0,46.8,232.0,538.0,66.6,oficial,0,Denuncias de fraude rechazadas por tribunales,Alta,SRC_IPU_PARLINE;SRC_IDEA_ESD,CONOC_EXPERTO
RE003,USA,2024-11-05,presidencial,1,Donald Trump,Partido Republicano,77302580.0,49.8,312.0,538.0,,oficial,1,,Alta,SRC_IPU_PARLINE;SRC_IDEA_ESD,CONOC_EXPERTO
RE004,USA,2024-11-05,presidencial,1,Kamala Harris,Partido Demócrata,75017613.0,48.3,226.0,538.0,,oficial,0,,Alta,SRC_IPU_PARLINE;SRC_IDEA_ESD,CONOC_EXPERTO
RE005,BRA,2022-10-30,presidencial,2,Luiz Inácio Lula da Silva,PT (Coligação Brasil da Esperança),60345999.0,50.9,,,,oficial,1,,Alta,SRC_IPU_PARLINE;SRC_IDEA_ESD,CONOC_EXPERTO
RE006,BRA,2022-10-30,presidencial,2,Jair Bolsonaro,PL,58206354.0,49.1,,,,oficial,0,Asalto a los Tres Poderes el 08-01-2023; Bolsonaro condenado por intento de golpe (2025),Alta,SRC_IPU_PARLINE;SRC_IDEA_ESD,CONOC_EXPERTO
RE007,ARG,2023-10-22,presidencial,1,Sergio Massa,Unión por la Patria,,36.78,,,,oficial,0,,Alta,SRC_IPU_PARLINE;SRC_IDEA_ESD,CONOC_EXPERTO
RE008,ARG,2023-10-22,presidencial,1,Javier Milei,La Libertad Avanza,,29.99,,,,oficial,0,,Alta,SRC_IPU_PARLINE;SRC_IDEA_ESD,CONOC_EXPERTO
RE009,ARG,2023-10-22,presidencial,1,Patricia Bullrich,Juntos por el Cambio,,23.83,,,,oficial,0,,Alta,SRC_IPU_PARLINE;SRC_IDEA_ESD,CONOC_EXPERTO
RE010,ARG,2023-11-19,presidencial,2,Javier Milei,La Libertad Avanza,14476462.0,55.65,,,76.3,oficial,1,,Alta,SRC_IPU_PARLINE;SRC_IDEA_ESD,VERIF_SESION
RE011,ARG,2023-11-19,presidencial,2,Sergio Massa,Unión por la Patria,11516142.0,44.35,,,76.3,oficial,0,,Alta,SRC_IPU_PARLINE;SRC_IDEA_ESD,VERIF_SESION
RE012,MEX,2024-06-02,presidencial,1,Claudia Sheinbaum,Sigamos Haciendo Historia (Morena-PT-PVEM),35924519.0,59.76,,,61.0,oficial,1,Primera presidenta de México,Alta,SRC_IPU_PARLINE;SRC_IDEA_ESD,CONOC_EXPERTO
RE013,MEX,2024-06-02,presidencial,1,Xóchitl Gálvez,Fuerza y Corazón por México (PAN-PRI-PRD),16502697.0,27.45,,,61.0,oficial,0,,Alta,SRC_IPU_PARLINE;SRC_IDEA_ESD,CONOC_EXPERTO
RE014,MEX,2024-06-02,presidencial,1,Jorge Álvarez Máynez,Movimiento Ciudadano,6204710.0,10.32,,,61.0,oficial,0,,Alta,SRC_IPU_PARLINE;SRC_IDEA_ESD,CONOC_EXPERTO
RE015,FRA,2022-04-24,presidencial,2,Emmanuel Macron,Ensemble/LREM,18768639.0,58.55,,,71.99,oficial,1,,Alta,SRC_IPU_PARLINE;SRC_IDEA_ESD,CONOC_EXPERTO
RE016,FRA,2022-04-24,presidencial,2,Marine Le Pen,Rassemblement National,13288686.0,41.45,,,71.99,oficial,0,,Alta,SRC_IPU_PARLINE;SRC_IDEA_ESD,CONOC_EXPERTO
RE017,CHL,2021-12-19,presidencial,2,Gabriel Boric,Apruebo Dignidad,4620890.0,55.87,,,55.6,oficial,1,,Alta,SRC_IPU_PARLINE;SRC_IDEA_ESD,CONOC_EXPERTO
RE018,CHL,2021-12-19,presidencial,2,José Antonio Kast,Frente Social Cristiano,3650088.0,44.13,,,55.6,oficial,0,,Alta,SRC_IPU_PARLINE;SRC_IDEA_ESD,CONOC_EXPERTO
RE019,COL,2022-06-19,presidencial,2,Gustavo Petro,Pacto Histórico,11281013.0,50.44,,,58.1,oficial,1,Primer presidente de izquierda,Alta,SRC_IPU_PARLINE;SRC_IDEA_ESD,CONOC_EXPERTO
RE020,COL,2022-06-19,presidencial,2,Rodolfo Hernández,Liga de Gobernantes Anticorrupción,10580412.0,47.31,,,58.1,oficial,0,,Alta,SRC_IPU_PARLINE;SRC_IDEA_ESD,CONOC_EXPERTO
RE021,PER,2021-06-06,presidencial,2,Pedro Castillo,Perú Libre,8836380.0,50.126,,,74.6,oficial,1,Destituido tras intento de disolver el Congreso (07-12-2022),Alta,SRC_IPU_PARLINE;SRC_IDEA_ESD,CONOC_EXPERTO
RE022,PER,2021-06-06,presidencial,2,Keiko Fujimori,Fuerza Popular,8792117.0,49.874,,,74.6,oficial,0,Denuncias de fraude no acreditadas por el JNE,Alta,SRC_IPU_PARLINE;SRC_IDEA_ESD,CONOC_EXPERTO
RE023,RUS,2024-03-17,presidencial,1,Vladímir Putin,Independiente (apoyo de Rusia Unida),76277708.0,87.28,,,77.49,oficial_impugnado,1,Observadores y analistas independientes (p.ej. análisis estadísticos de anomalías) señalan irregularidades masivas; candidatos opositores excluidos,Alta,SRC_IPU_PARLINE;SRC_IDEA_ESD,CONOC_EXPERTO
RE024,TUR,2023-05-28,presidencial,2,Recep Tayyip Erdoğan,AKP (Alianza Popular),27834589.0,52.18,,,84.2,oficial,1,,Alta,SRC_IPU_PARLINE;SRC_IDEA_ESD,CONOC_EXPERTO
RE025,TUR,2023-05-28,presidencial,2,Kemal Kılıçdaroğlu,CHP (Alianza Nacional),25504724.0,47.82,,,84.2,oficial,0,,Alta,SRC_IPU_PARLINE;SRC_IDEA_ESD,CONOC_EXPERTO
RE026,IND,2024-06-04,legislativa_Lok_Sabha,1,BJP,Alianza Democrática Nacional (NDA: 293 escaños),,36.56,240.0,543.0,65.8,oficial,1,El BJP perdió la mayoría absoluta propia,Alta,SRC_IPU_PARLINE;SRC_IDEA_ESD,CONOC_EXPERTO
RE027,IND,2024-06-04,legislativa_Lok_Sabha,1,Congreso Nacional Indio,Alianza INDIA (234 escaños),,21.19,99.0,543.0,65.8,oficial,0,,Alta,SRC_IPU_PARLINE;SRC_IDEA_ESD,CONOC_EXPERTO
RE028,GBR,2024-07-04,legislativa,1,Partido Laborista,Labour,9708716.0,33.7,411.0,650.0,59.7,oficial,1,,Alta,SRC_IPU_PARLINE;SRC_IDEA_ESD,CONOC_EXPERTO
RE029,GBR,2024-07-04,legislativa,1,Partido Conservador,Conservative,6828925.0,23.7,121.0,650.0,59.7,oficial,0,,Alta,SRC_IPU_PARLINE;SRC_IDEA_ESD,CONOC_EXPERTO
RE030,GBR,2024-07-04,legislativa,1,Reform UK,Reform UK,4117221.0,14.3,5.0,650.0,59.7,oficial,0,Desproporción voto-escaños del sistema mayoritario,Alta,SRC_IPU_PARLINE;SRC_IDEA_ESD,CONOC_EXPERTO
RE031,GBR,2024-07-04,legislativa,1,Liberal Demócratas,Liberal Democrats,3519199.0,12.2,72.0,650.0,59.7,oficial,0,,Alta,SRC_IPU_PARLINE;SRC_IDEA_ESD,CONOC_EXPERTO
RE032,DEU,2025-02-23,legislativa_Bundestag,1,CDU/CSU,Unión,,28.5,208.0,630.0,82.5,oficial,1,Segundo voto (lista),Alta,SRC_IPU_PARLINE;SRC_IDEA_ESD,VERIF_SESION
RE033,DEU,2025-02-23,legislativa_Bundestag,1,AfD,Alternative für Deutschland,,20.8,152.0,630.0,82.5,oficial,0,,Alta,SRC_IPU_PARLINE;SRC_IDEA_ESD,VERIF_SESION
RE034,DEU,2025-02-23,legislativa_Bundestag,1,SPD,Partido Socialdemócrata,,16.4,120.0,630.0,82.5,oficial,0,,Alta,SRC_IPU_PARLINE;SRC_IDEA_ESD,VERIF_SESION
RE035,DEU,2025-02-23,legislativa_Bundestag,1,Verdes,Bündnis 90/Die Grünen,,11.6,85.0,630.0,82.5,oficial,0,,Alta,SRC_IPU_PARLINE;SRC_IDEA_ESD,CONOC_EXPERTO
RE036,DEU,2025-02-23,legislativa_Bundestag,1,Die Linke,Die Linke,,8.8,64.0,630.0,82.5,oficial,0,,Alta,SRC_IPU_PARLINE;SRC_IDEA_ESD,VERIF_SESION
RE037,IDN,2024-02-14,presidencial,1,Prabowo Subianto,Coalición Indonesia Maju,96214691.0,58.59,,,81.8,oficial,1,,Alta,SRC_IPU_PARLINE;SRC_IDEA_ESD,CONOC_EXPERTO
RE038,TWN,2024-01-13,presidencial,1,Lai Ching-te,DPP,5586019.0,40.05,,,71.9,oficial,1,,Alta,SRC_IPU_PARLINE;SRC_IDEA_ESD,CONOC_EXPERTO
RE039,TWN,2024-01-13,presidencial,1,Hou Yu-ih,KMT,4671021.0,33.49,,,71.9,oficial,0,,Alta,SRC_IPU_PARLINE;SRC_IDEA_ESD,CONOC_EXPERTO
RE040,TWN,2024-01-13,presidencial,1,Ko Wen-je,TPP,3690466.0,26.46,,,71.9,oficial,0,,Alta,SRC_IPU_PARLINE;SRC_IDEA_ESD,CONOC_EXPERTO
RE041,ZAF,2024-05-29,legislativa,1,ANC,African National Congress,6459683.0,40.18,159.0,400.0,58.6,oficial,1,Pérdida de mayoría absoluta por primera vez; Gobierno de Unidad Nacional,Alta,SRC_IPU_PARLINE;SRC_IDEA_ESD,CONOC_EXPERTO
RE042,ZAF,2024-05-29,legislativa,1,DA,Democratic Alliance,3505735.0,21.81,87.0,400.0,58.6,oficial,0,,Alta,SRC_IPU_PARLINE;SRC_IDEA_ESD,CONOC_EXPERTO
RE043,ZAF,2024-05-29,legislativa,1,MK,uMkhonto weSizwe,2344309.0,14.58,58.0,400.0,58.6,oficial,0,Partido de Jacob Zuma,Alta,SRC_IPU_PARLINE;SRC_IDEA_ESD,CONOC_EXPERTO
RE044,VEN,2024-07-28,presidencial,1,Nicolás Maduro,PSUV (Gran Polo Patriótico),,51.2,,,,oficial_impugnado,1,CNE proclamó sin publicar resultados desagregados por mesa; Panel de Expertos ONU y Centro Carter señalaron falta de transparencia,Alta,SRC_IPU_PARLINE;SRC_IDEA_ESD,CONOC_EXPERTO
RE045,VEN,2024-07-28,presidencial,1,Edmundo González Urrutia,Plataforma Unitaria Democrática,,67.0,,,,estimacion_oposicion,0,Según actas recopiladas por la oposición (>80% de las mesas); no reconocido por el CNE,Media,SRC_IPU_PARLINE;SRC_IDEA_ESD,CONOC_EXPERTO
RE046,POL,2025-06-01,presidencial,2,Karol Nawrocki,Independiente (apoyo PiS),,50.89,,,71.6,oficial,1,,Alta,SRC_IPU_PARLINE;SRC_IDEA_ESD,CONOC_EXPERTO
RE047,POL,2025-06-01,presidencial,2,Rafał Trzaskowski,Coalición Cívica,,49.11,,,71.6,oficial,0,,Alta,SRC_IPU_PARLINE;SRC_IDEA_ESD,CONOC_EXPERTO
RE048,ROU,2024-11-24,presidencial,1,Călin Georgescu,Independiente,,22.94,,,52.6,oficial,0,Primera vuelta anulada por el Tribunal Constitucional (06-12-2024) por irregularidades e injerencia (campaña en TikTok),Alta,SRC_IPU_PARLINE;SRC_IDEA_ESD,CONOC_EXPERTO
RE049,ROU,2025-05-18,presidencial,2,Nicușor Dan,Independiente,,53.6,,,64.7,oficial,1,Elección repetida,Alta,SRC_IPU_PARLINE;SRC_IDEA_ESD,CONOC_EXPERTO
RE050,ROU,2025-05-18,presidencial,2,George Simion,AUR,,46.4,,,64.7,oficial,0,,Alta,SRC_IPU_PARLINE;SRC_IDEA_ESD,CONOC_EXPERTO
RE051,IRN,2024-07-05,presidencial,2,Masoud Pezeshkian,Reformista,16384403.0,54.76,,,49.8,oficial,1,Elección anticipada tras la muerte de Raisí (19-05-2024),Alta,SRC_IPU_PARLINE;SRC_IDEA_ESD,CONOC_EXPERTO
RE052,IRN,2024-07-05,presidencial,2,Saeed Jalili,Principalista,13538179.0,45.24,,,49.8,oficial,0,,Alta,SRC_IPU_PARLINE;SRC_IDEA_ESD,CONOC_EXPERTO
RE053,KOR,2025-06-03,presidencial,1,Lee Jae-myung,Partido Democrático,17287513.0,49.42,,,79.4,oficial,1,Elección anticipada tras la destitución de Yoon,Alta,SRC_IPU_PARLINE;SRC_IDEA_ESD,CONOC_EXPERTO
RE054,KOR,2025-06-03,presidencial,1,Kim Moon-soo,Partido del Poder Popular,14395639.0,41.15,,,79.4,oficial,0,,Alta,SRC_IPU_PARLINE;SRC_IDEA_ESD,CONOC_EXPERTO
RE055,ECU,2025-04-13,presidencial,2,Daniel Noboa,ADN,,55.6,,,83.8,oficial,1,La candidata perdedora denunció fraude sin aportar pruebas aceptadas por el CNE; observadores de la UE y OEA no validaron la denuncia,Media,SRC_IPU_PARLINE;SRC_IDEA_ESD,CONOC_EXPERTO
RE056,ECU,2025-04-13,presidencial,2,Luisa González,Revolución Ciudadana,,44.4,,,83.8,oficial,0,,Media,SRC_IPU_PARLINE;SRC_IDEA_ESD,CONOC_EXPERTO
RE057,CAN,2025-04-28,legislativa,1,Partido Liberal,Liberal,,43.8,169.0,343.0,68.7,oficial,1,Gobierno minoritario de Mark Carney,Media,SRC_IPU_PARLINE;SRC_IDEA_ESD,CONOC_EXPERTO
RE058,CAN,2025-04-28,legislativa,1,Partido Conservador,Conservative,,41.3,144.0,343.0,68.7,oficial,0,,Media,SRC_IPU_PARLINE;SRC_IDEA_ESD,CONOC_EXPERTO
RE059,ESP,2023-07-23,legislativa_Congreso,1,PP,Partido Popular,8160837.0,33.05,137.0,350.0,66.6,oficial,0,Feijóo no obtuvo la investidura,Alta,SRC_IPU_PARLINE;SRC_IDEA_ESD,CONOC_EXPERTO
RE060,ESP,2023-07-23,legislativa_Congreso,1,PSOE,Partido Socialista Obrero Español,7821718.0,31.68,121.0,350.0,66.6,oficial,1,"Sánchez investido (16-11-2023) con apoyo de Sumar, ERC, Junts, Bildu, PNV, BNG y CC",Alta,SRC_IPU_PARLINE;SRC_IDEA_ESD,CONOC_EXPERTO
RE061,ESP,2023-07-23,legislativa_Congreso,1,Vox,Vox,,12.38,33.0,350.0,66.6,oficial,0,,Alta,SRC_IPU_PARLINE;SRC_IDEA_ESD,CONOC_EXPERTO
RE062,ESP,2023-07-23,legislativa_Congreso,1,Sumar,Sumar,,12.31,31.0,350.0,66.6,oficial,0,,Alta,SRC_IPU_PARLINE;SRC_IDEA_ESD,CONOC_EXPERTO
RE063,JPN,2024-10-27,legislativa_Shugiin,1,PLD,Partido Liberal Democrático,,,191.0,465.0,53.9,oficial,1,El PLD y Komeito perdieron la mayoría,Alta,SRC_IPU_PARLINE;SRC_IDEA_ESD,CONOC_EXPERTO
RE064,ITA,2022-09-25,legislativa_Camara,1,Fratelli d'Italia,Coalición de centroderecha,,26.0,119.0,400.0,63.9,oficial,1,Meloni primera ministra,Alta,SRC_IPU_PARLINE;SRC_IDEA_ESD,CONOC_EXPERTO
