membership_id,org_id,country_id,joined,left,notes,source_ids,verification_status,certainty
MEM0001,ORG_NATO,BEL,1949-08-24,,Miembro fundador,SRC_NATO_MEMBERS,CONOC_EXPERTO,Alta
MEM0002,ORG_NATO,CAN,1949-08-24,,Miembro fundador,SRC_NATO_MEMBERS,CONOC_EXPERTO,Alta
MEM0003,ORG_NATO,DNK,1949-08-24,,Miembro fundador,SRC_NATO_MEMBERS,CONOC_EXPERTO,Alta
MEM0004,ORG_NATO,FRA,1949-08-24,,Miembro fundador,SRC_NATO_MEMBERS,CONOC_EXPERTO,Alta
MEM0005,ORG_NATO,ISL,1949-08-24,,Miembro fundador,SRC_NATO_MEMBERS,CONOC_EXPERTO,Alta
MEM0006,ORG_NATO,ITA,1949-08-24,,Miembro fundador,SRC_NATO_MEMBERS,CONOC_EXPERTO,Alta
MEM0007,ORG_NATO,LUX,1949-08-24,,Miembro fundador,SRC_NATO_MEMBERS,CONOC_EXPERTO,Alta
MEM0008,ORG_NATO,NLD,1949-08-24,,Miembro fundador,SRC_NATO_MEMBERS,CONOC_EXPERTO,Alta
MEM0009,ORG_NATO,NOR,1949-08-24,,Miembro fundador,SRC_NATO_MEMBERS,CONOC_EXPERTO,Alta
MEM0010,ORG_NATO,PRT,1949-08-24,,Miembro fundador,SRC_NATO_MEMBERS,CONOC_EXPERTO,Alta
MEM0011,ORG_NATO,GBR,1949-08-24,,Miembro fundador,SRC_NATO_MEMBERS,CONOC_EXPERTO,Alta
MEM0012,ORG_NATO,USA,1949-08-24,,Miembro fundador,SRC_NATO_MEMBERS,CONOC_EXPERTO,Alta
MEM0013,ORG_NATO,GRC,1952-02-18,,Retirada de la estructura militar 1974-1980,SRC_NATO_MEMBERS,CONOC_EXPERTO,Alta
MEM0014,ORG_NATO,TUR,1952-02-18,,,SRC_NATO_MEMBERS,CONOC_EXPERTO,Alta
MEM0015,ORG_NATO,DEU,1955-05-06,,RFA; Alemania unificada desde 1990,SRC_NATO_MEMBERS,CONOC_EXPERTO,Alta
MEM0016,ORG_NATO,ESP,1982-05-30,,Referéndum de permanencia 1986,SRC_NATO_MEMBERS,CONOC_EXPERTO,Alta
MEM0017,ORG_NATO,CZE,1999-03-12,,,SRC_NATO_MEMBERS,CONOC_EXPERTO,Alta
MEM0018,ORG_NATO,HUN,1999-03-12,,,SRC_NATO_MEMBERS,CONOC_EXPERTO,Alta
MEM0019,ORG_NATO,POL,1999-03-12,,,SRC_NATO_MEMBERS,CONOC_EXPERTO,Alta
MEM0020,ORG_NATO,BGR,2004-03-29,,,SRC_NATO_MEMBERS,CONOC_EXPERTO,Alta
MEM0021,ORG_NATO,EST,2004-03-29,,,SRC_NATO_MEMBERS,CONOC_EXPERTO,Alta
MEM0022,ORG_NATO,LVA,2004-03-29,,,SRC_NATO_MEMBERS,CONOC_EXPERTO,Alta
MEM0023,ORG_NATO,LTU,2004-03-29,,,SRC_NATO_MEMBERS,CONOC_EXPERTO,Alta
MEM0024,ORG_NATO,ROU,2004-03-29,,,SRC_NATO_MEMBERS,CONOC_EXPERTO,Alta
MEM0025,ORG_NATO,SVK,2004-03-29,,,SRC_NATO_MEMBERS,CONOC_EXPERTO,Alta
MEM0026,ORG_NATO,SVN,2004-03-29,,,SRC_NATO_MEMBERS,CONOC_EXPERTO,Alta
MEM0027,ORG_NATO,ALB,2009-04-01,,,SRC_NATO_MEMBERS,CONOC_EXPERTO,Alta
MEM0028,ORG_NATO,HRV,2009-04-01,,,SRC_NATO_MEMBERS,CONOC_EXPERTO,Alta
MEM0029,ORG_NATO,MNE,2017-06-05,,,SRC_NATO_MEMBERS,CONOC_EXPERTO,Alta
MEM0030,ORG_NATO,MKD,2020-03-27,,,SRC_NATO_MEMBERS,CONOC_EXPERTO,Alta
MEM0031,ORG_NATO,FIN,2023-04-04,,,SRC_NATO_MEMBERS,VERIF_SESION,Alta
MEM0032,ORG_NATO,SWE,2024-03-07,,,SRC_NATO_MEMBERS,VERIF_SESION,Alta
MEM0033,ORG_WARSAW,RUS,1955-06-04,1991-07-01,,SRC_ACADEMIC_HIST,CONOC_EXPERTO,Alta
MEM0034,ORG_WARSAW,POL,1955-06-04,1991-07-01,,SRC_ACADEMIC_HIST,CONOC_EXPERTO,Alta
MEM0035,ORG_WARSAW,CZE,1955-06-04,1991-07-01,,SRC_ACADEMIC_HIST,CONOC_EXPERTO,Alta
MEM0036,ORG_WARSAW,HUN,1955-06-04,1991-07-01,,SRC_ACADEMIC_HIST,CONOC_EXPERTO,Alta
MEM0037,ORG_WARSAW,ROU,1955-06-04,1991-07-01,,SRC_ACADEMIC_HIST,CONOC_EXPERTO,Alta
MEM0038,ORG_WARSAW,BGR,1955-06-04,1991-07-01,,SRC_ACADEMIC_HIST,CONOC_EXPERTO,Alta
MEM0039,ORG_WARSAW,DDR,1956-01-28,1990-09-24,,SRC_ACADEMIC_HIST,CONOC_EXPERTO,Alta
MEM0040,ORG_WARSAW,ALB,1955-06-04,1968-09-13,Retirada formal 1968,SRC_ACADEMIC_HIST,CONOC_EXPERTO,Alta
MEM0041,ORG_EU,BEL,1958-01-01,,Fundador CEE,SRC_EU_MEMBERS,CONOC_EXPERTO,Alta
MEM0042,ORG_EU,FRA,1958-01-01,,Fundador CEE,SRC_EU_MEMBERS,CONOC_EXPERTO,Alta
MEM0043,ORG_EU,DEU,1958-01-01,,Fundador CEE,SRC_EU_MEMBERS,CONOC_EXPERTO,Alta
MEM0044,ORG_EU,ITA,1958-01-01,,Fundador CEE,SRC_EU_MEMBERS,CONOC_EXPERTO,Alta
MEM0045,ORG_EU,LUX,1958-01-01,,Fundador CEE,SRC_EU_MEMBERS,CONOC_EXPERTO,Alta
MEM0046,ORG_EU,NLD,1958-01-01,,Fundador CEE,SRC_EU_MEMBERS,CONOC_EXPERTO,Alta
MEM0047,ORG_EU,DNK,1973-01-01,,,SRC_EU_MEMBERS,CONOC_EXPERTO,Alta
MEM0048,ORG_EU,IRL,1973-01-01,,,SRC_EU_MEMBERS,CONOC_EXPERTO,Alta
MEM0049,ORG_EU,GBR,1973-01-01,2020-01-31,Brexit,SRC_EU_MEMBERS,CONOC_EXPERTO,Alta
MEM0050,ORG_EU,GRC,1981-01-01,,,SRC_EU_MEMBERS,CONOC_EXPERTO,Alta
MEM0051,ORG_EU,ESP,1986-01-01,,,SRC_EU_MEMBERS,CONOC_EXPERTO,Alta
MEM0052,ORG_EU,PRT,1986-01-01,,,SRC_EU_MEMBERS,CONOC_EXPERTO,Alta
MEM0053,ORG_EU,AUT,1995-01-01,,,SRC_EU_MEMBERS,CONOC_EXPERTO,Alta
MEM0054,ORG_EU,FIN,1995-01-01,,,SRC_EU_MEMBERS,CONOC_EXPERTO,Alta
MEM0055,ORG_EU,SWE,1995-01-01,,,SRC_EU_MEMBERS,CONOC_EXPERTO,Alta
MEM0056,ORG_EU,CYP,2004-05-01,,,SRC_EU_MEMBERS,CONOC_EXPERTO,Alta
MEM0057,ORG_EU,CZE,2004-05-01,,,SRC_EU_MEMBERS,CONOC_EXPERTO,Alta
MEM0058,ORG_EU,EST,2004-05-01,,,SRC_EU_MEMBERS,CONOC_EXPERTO,Alta
MEM0059,ORG_EU,HUN,2004-05-01,,,SRC_EU_MEMBERS,CONOC_EXPERTO,Alta
MEM0060,ORG_EU,LVA,2004-05-01,,,SRC_EU_MEMBERS,CONOC_EXPERTO,Alta
MEM0061,ORG_EU,LTU,2004-05-01,,,SRC_EU_MEMBERS,CONOC_EXPERTO,Alta
MEM0062,ORG_EU,MLT,2004-05-01,,,SRC_EU_MEMBERS,CONOC_EXPERTO,Alta
MEM0063,ORG_EU,POL,2004-05-01,,,SRC_EU_MEMBERS,CONOC_EXPERTO,Alta
MEM0064,ORG_EU,SVK,2004-05-01,,,SRC_EU_MEMBERS,CONOC_EXPERTO,Alta
MEM0065,ORG_EU,SVN,2004-05-01,,,SRC_EU_MEMBERS,CONOC_EXPERTO,Alta
MEM0066,ORG_EU,BGR,2007-01-01,,,SRC_EU_MEMBERS,CONOC_EXPERTO,Alta
MEM0067,ORG_EU,ROU,2007-01-01,,,SRC_EU_MEMBERS,CONOC_EXPERTO,Alta
MEM0068,ORG_EU,HRV,2013-07-01,,,SRC_EU_MEMBERS,CONOC_EXPERTO,Alta
MEM0069,ORG_EUROZONE,AUT,1999-01-01,,Billetes y monedas desde 2002-01-01,SRC_ECB_EURO,CONOC_EXPERTO,Alta
MEM0070,ORG_EUROZONE,BEL,1999-01-01,,Billetes y monedas desde 2002-01-01,SRC_ECB_EURO,CONOC_EXPERTO,Alta
MEM0071,ORG_EUROZONE,FIN,1999-01-01,,Billetes y monedas desde 2002-01-01,SRC_ECB_EURO,CONOC_EXPERTO,Alta
MEM0072,ORG_EUROZONE,FRA,1999-01-01,,Billetes y monedas desde 2002-01-01,SRC_ECB_EURO,CONOC_EXPERTO,Alta
MEM0073,ORG_EUROZONE,DEU,1999-01-01,,Billetes y monedas desde 2002-01-01,SRC_ECB_EURO,CONOC_EXPERTO,Alta
MEM0074,ORG_EUROZONE,IRL,1999-01-01,,Billetes y monedas desde 2002-01-01,SRC_ECB_EURO,CONOC_EXPERTO,Alta
MEM0075,ORG_EUROZONE,ITA,1999-01-01,,Billetes y monedas desde 2002-01-01,SRC_ECB_EURO,CONOC_EXPERTO,Alta
MEM0076,ORG_EUROZONE,LUX,1999-01-01,,Billetes y monedas desde 2002-01-01,SRC_ECB_EURO,CONOC_EXPERTO,Alta
MEM0077,ORG_EUROZONE,NLD,1999-01-01,,Billetes y monedas desde 2002-01-01,SRC_ECB_EURO,CONOC_EXPERTO,Alta
MEM0078,ORG_EUROZONE,PRT,1999-01-01,,Billetes y monedas desde 2002-01-01,SRC_ECB_EURO,CONOC_EXPERTO,Alta
MEM0079,ORG_EUROZONE,ESP,1999-01-01,,Billetes y monedas desde 2002-01-01,SRC_ECB_EURO,CONOC_EXPERTO,Alta
MEM0080,ORG_EUROZONE,GRC,2001-01-01,,,SRC_ECB_EURO,CONOC_EXPERTO,Alta
MEM0081,ORG_EUROZONE,SVN,2007-01-01,,,SRC_ECB_EURO,CONOC_EXPERTO,Alta
MEM0082,ORG_EUROZONE,CYP,2008-01-01,,,SRC_ECB_EURO,CONOC_EXPERTO,Alta
MEM0083,ORG_EUROZONE,MLT,2008-01-01,,,SRC_ECB_EURO,CONOC_EXPERTO,Alta
MEM0084,ORG_EUROZONE,SVK,2009-01-01,,,SRC_ECB_EURO,CONOC_EXPERTO,Alta
MEM0085,ORG_EUROZONE,EST,2011-01-01,,,SRC_ECB_EURO,CONOC_EXPERTO,Alta
MEM0086,ORG_EUROZONE,LVA,2014-01-01,,,SRC_ECB_EURO,CONOC_EXPERTO,Alta
MEM0087,ORG_EUROZONE,LTU,2015-01-01,,,SRC_ECB_EURO,CONOC_EXPERTO,Alta
MEM0088,ORG_EUROZONE,HRV,2023-01-01,,,SRC_ECB_EURO,CONOC_EXPERTO,Alta
MEM0089,ORG_EUROZONE,BGR,2026-01-01,,Adopción prevista/aprobada para 2026; verificar,SRC_ECB_EURO,CONOC_EXPERTO,Media
MEM0090,ORG_OPEC,IRN,1960-09-14,,Fundador,SRC_OPEC,CONOC_EXPERTO,Alta
MEM0091,ORG_OPEC,IRQ,1960-09-14,,Fundador,SRC_OPEC,CONOC_EXPERTO,Alta
MEM0092,ORG_OPEC,KWT,1960-09-14,,Fundador,SRC_OPEC,CONOC_EXPERTO,Alta
MEM0093,ORG_OPEC,SAU,1960-09-14,,Fundador,SRC_OPEC,CONOC_EXPERTO,Alta
MEM0094,ORG_OPEC,VEN,1960-09-14,,Fundador,SRC_OPEC,CONOC_EXPERTO,Alta
MEM0095,ORG_OPEC,QAT,1961,2019-01-01,,SRC_OPEC,CONOC_EXPERTO,Alta
MEM0096,ORG_OPEC,IDN,1962,2016-11-30,Suspendida/retirada varias veces,SRC_OPEC,CONOC_EXPERTO,Alta
MEM0097,ORG_OPEC,LBY,1962,,,SRC_OPEC,CONOC_EXPERTO,Alta
MEM0098,ORG_OPEC,ARE,1967,,,SRC_OPEC,CONOC_EXPERTO,Alta
MEM0099,ORG_OPEC,DZA,1969,,,SRC_OPEC,CONOC_EXPERTO,Alta
MEM0100,ORG_OPEC,NGA,1971,,,SRC_OPEC,CONOC_EXPERTO,Alta
MEM0101,ORG_OPEC,ECU,1973,2020-01-01,Suspendida 1992-2007,SRC_OPEC,CONOC_EXPERTO,Alta
MEM0102,ORG_OPEC,GAB,1975,,Retirada 1995-2016,SRC_OPEC,CONOC_EXPERTO,Alta
MEM0103,ORG_OPEC,AGO,2007,2024-01-01,,SRC_OPEC,CONOC_EXPERTO,Alta
MEM0104,ORG_OPEC,GNQ,2017,,,SRC_OPEC,CONOC_EXPERTO,Alta
MEM0105,ORG_OPEC,COG,2018,,,SRC_OPEC,CONOC_EXPERTO,Alta
MEM0106,ORG_G7,FRA,1975-11-15,,,SRC_ACADEMIC_HIST,CONOC_EXPERTO,Alta
MEM0107,ORG_G7,DEU,1975-11-15,,,SRC_ACADEMIC_HIST,CONOC_EXPERTO,Alta
MEM0108,ORG_G7,ITA,1975-11-15,,,SRC_ACADEMIC_HIST,CONOC_EXPERTO,Alta
MEM0109,ORG_G7,JPN,1975-11-15,,,SRC_ACADEMIC_HIST,CONOC_EXPERTO,Alta
MEM0110,ORG_G7,GBR,1975-11-15,,,SRC_ACADEMIC_HIST,CONOC_EXPERTO,Alta
MEM0111,ORG_G7,USA,1975-11-15,,,SRC_ACADEMIC_HIST,CONOC_EXPERTO,Alta
MEM0112,ORG_G7,CAN,1976,,,SRC_ACADEMIC_HIST,CONOC_EXPERTO,Alta
MEM0113,ORG_G7,RUS,1997,2014-03-24,G8; suspendida tras Crimea,SRC_ACADEMIC_HIST,CONOC_EXPERTO,Alta
MEM0114,ORG_BRICS,BRA,2009-06-16,,,SRC_ACADEMIC_HIST,CONOC_EXPERTO,Alta
MEM0115,ORG_BRICS,RUS,2009-06-16,,,SRC_ACADEMIC_HIST,CONOC_EXPERTO,Alta
MEM0116,ORG_BRICS,IND,2009-06-16,,,SRC_ACADEMIC_HIST,CONOC_EXPERTO,Alta
MEM0117,ORG_BRICS,CHN,2009-06-16,,,SRC_ACADEMIC_HIST,CONOC_EXPERTO,Alta
MEM0118,ORG_BRICS,ZAF,2010-12-24,,,SRC_ACADEMIC_HIST,CONOC_EXPERTO,Alta
MEM0119,ORG_BRICS,EGY,2024-01-01,,Ampliación,SRC_ACADEMIC_HIST,CONOC_EXPERTO,Alta
MEM0120,ORG_BRICS,ETH,2024-01-01,,Ampliación,SRC_ACADEMIC_HIST,CONOC_EXPERTO,Alta
MEM0121,ORG_BRICS,IRN,2024-01-01,,Ampliación,SRC_ACADEMIC_HIST,CONOC_EXPERTO,Alta
MEM0122,ORG_BRICS,ARE,2024-01-01,,Ampliación,SRC_ACADEMIC_HIST,CONOC_EXPERTO,Alta
MEM0123,ORG_BRICS,IDN,2025-01-06,,,SRC_ACADEMIC_HIST,CONOC_EXPERTO,Alta
MEM0124,ORG_SCO,CHN,2001-06-15,,Fundador,SRC_ACADEMIC_HIST,CONOC_EXPERTO,Alta
MEM0125,ORG_SCO,RUS,2001-06-15,,Fundador,SRC_ACADEMIC_HIST,CONOC_EXPERTO,Alta
MEM0126,ORG_SCO,KAZ,2001-06-15,,Fundador,SRC_ACADEMIC_HIST,CONOC_EXPERTO,Alta
MEM0127,ORG_SCO,KGZ,2001-06-15,,Fundador,SRC_ACADEMIC_HIST,CONOC_EXPERTO,Alta
MEM0128,ORG_SCO,TJK,2001-06-15,,Fundador,SRC_ACADEMIC_HIST,CONOC_EXPERTO,Alta
MEM0129,ORG_SCO,UZB,2001-06-15,,Fundador,SRC_ACADEMIC_HIST,CONOC_EXPERTO,Alta
MEM0130,ORG_SCO,IND,2017-06-09,,,SRC_ACADEMIC_HIST,CONOC_EXPERTO,Alta
MEM0131,ORG_SCO,PAK,2017-06-09,,,SRC_ACADEMIC_HIST,CONOC_EXPERTO,Alta
MEM0132,ORG_SCO,IRN,2023-07-04,,,SRC_ACADEMIC_HIST,CONOC_EXPERTO,Alta
MEM0133,ORG_SCO,BLR,2024-07-04,,,SRC_ACADEMIC_HIST,CONOC_EXPERTO,Alta
MEM0134,ORG_CSTO,RUS,2002-10-07,,,SRC_ACADEMIC_HIST,CONOC_EXPERTO,Alta
MEM0135,ORG_CSTO,BLR,2002-10-07,,,SRC_ACADEMIC_HIST,CONOC_EXPERTO,Alta
MEM0136,ORG_CSTO,KAZ,2002-10-07,,,SRC_ACADEMIC_HIST,CONOC_EXPERTO,Alta
MEM0137,ORG_CSTO,KGZ,2002-10-07,,,SRC_ACADEMIC_HIST,CONOC_EXPERTO,Alta
MEM0138,ORG_CSTO,TJK,2002-10-07,,,SRC_ACADEMIC_HIST,CONOC_EXPERTO,Alta
MEM0139,ORG_CSTO,ARM,2002-10-07,,Participación congelada desde 2024,SRC_ACADEMIC_HIST,CONOC_EXPERTO,Alta
MEM0140,ORG_ASEAN,IDN,1967-08-08,,Fundador,SRC_ACADEMIC_HIST,CONOC_EXPERTO,Alta
MEM0141,ORG_ASEAN,MYS,1967-08-08,,Fundador,SRC_ACADEMIC_HIST,CONOC_EXPERTO,Alta
MEM0142,ORG_ASEAN,PHL,1967-08-08,,Fundador,SRC_ACADEMIC_HIST,CONOC_EXPERTO,Alta
MEM0143,ORG_ASEAN,SGP,1967-08-08,,Fundador,SRC_ACADEMIC_HIST,CONOC_EXPERTO,Alta
MEM0144,ORG_ASEAN,THA,1967-08-08,,Fundador,SRC_ACADEMIC_HIST,CONOC_EXPERTO,Alta
MEM0145,ORG_ASEAN,BRN,1984-01-07,,,SRC_ACADEMIC_HIST,CONOC_EXPERTO,Alta
MEM0146,ORG_ASEAN,VNM,1995-07-28,,,SRC_ACADEMIC_HIST,CONOC_EXPERTO,Alta
MEM0147,ORG_ASEAN,LAO,1997-07-23,,,SRC_ACADEMIC_HIST,CONOC_EXPERTO,Alta
MEM0148,ORG_ASEAN,MMR,1997-07-23,,,SRC_ACADEMIC_HIST,CONOC_EXPERTO,Alta
MEM0149,ORG_ASEAN,KHM,1999-04-30,,,SRC_ACADEMIC_HIST,CONOC_EXPERTO,Alta
MEM0150,ORG_ASEAN,TLS,2025-10-26,,Adhesión prevista en la cumbre de octubre de 2025; verificar,SRC_ACADEMIC_HIST,CONOC_EXPERTO,Media
MEM0151,ORG_MERCOSUR,ARG,1991-03-26,,Fundador,SRC_ACADEMIC_HIST,CONOC_EXPERTO,Alta
MEM0152,ORG_MERCOSUR,BRA,1991-03-26,,Fundador,SRC_ACADEMIC_HIST,CONOC_EXPERTO,Alta
MEM0153,ORG_MERCOSUR,PRY,1991-03-26,,Fundador,SRC_ACADEMIC_HIST,CONOC_EXPERTO,Alta
MEM0154,ORG_MERCOSUR,URY,1991-03-26,,Fundador,SRC_ACADEMIC_HIST,CONOC_EXPERTO,Alta
MEM0155,ORG_MERCOSUR,VEN,2012-07-31,,Suspendida desde 2016-12,SRC_ACADEMIC_HIST,CONOC_EXPERTO,Alta
MEM0156,ORG_MERCOSUR,BOL,2024-07-08,,,SRC_ACADEMIC_HIST,CONOC_EXPERTO,Alta
MEM0157,ORG_GCC,BHR,1981-05-25,,,SRC_ACADEMIC_HIST,CONOC_EXPERTO,Alta
MEM0158,ORG_GCC,KWT,1981-05-25,,,SRC_ACADEMIC_HIST,CONOC_EXPERTO,Alta
MEM0159,ORG_GCC,OMN,1981-05-25,,,SRC_ACADEMIC_HIST,CONOC_EXPERTO,Alta
MEM0160,ORG_GCC,QAT,1981-05-25,,,SRC_ACADEMIC_HIST,CONOC_EXPERTO,Alta
MEM0161,ORG_GCC,SAU,1981-05-25,,,SRC_ACADEMIC_HIST,CONOC_EXPERTO,Alta
MEM0162,ORG_GCC,ARE,1981-05-25,,,SRC_ACADEMIC_HIST,CONOC_EXPERTO,Alta
MEM0163,ORG_FIVE_EYES,USA,1946-03-05,,,SRC_ACADEMIC_HIST,CONOC_EXPERTO,Alta
MEM0164,ORG_FIVE_EYES,GBR,1946-03-05,,,SRC_ACADEMIC_HIST,CONOC_EXPERTO,Alta
MEM0165,ORG_FIVE_EYES,CAN,1948,,,SRC_ACADEMIC_HIST,CONOC_EXPERTO,Alta
MEM0166,ORG_FIVE_EYES,AUS,1956,,,SRC_ACADEMIC_HIST,CONOC_EXPERTO,Alta
MEM0167,ORG_FIVE_EYES,NZL,1956,,,SRC_ACADEMIC_HIST,CONOC_EXPERTO,Alta
MEM0168,ORG_QUAD,USA,2007,,Relanzado en 2017,SRC_ACADEMIC_HIST,CONOC_EXPERTO,Alta
MEM0169,ORG_QUAD,JPN,2007,,Relanzado en 2017,SRC_ACADEMIC_HIST,CONOC_EXPERTO,Alta
MEM0170,ORG_QUAD,IND,2007,,Relanzado en 2017,SRC_ACADEMIC_HIST,CONOC_EXPERTO,Alta
MEM0171,ORG_QUAD,AUS,2007,,Relanzado en 2017,SRC_ACADEMIC_HIST,CONOC_EXPERTO,Alta
MEM0172,ORG_AES,MLI,2023-09-16,,Salida de la CEDEAO efectiva en enero de 2025,SRC_ACADEMIC_HIST,CONOC_EXPERTO,Alta
MEM0173,ORG_AES,BFA,2023-09-16,,Salida de la CEDEAO efectiva en enero de 2025,SRC_ACADEMIC_HIST,CONOC_EXPERTO,Alta
MEM0174,ORG_AES,NER,2023-09-16,,Salida de la CEDEAO efectiva en enero de 2025,SRC_ACADEMIC_HIST,CONOC_EXPERTO,Alta
MEM0175,ORG_UNSC_P5,USA,1945-10-24,,,SRC_ACADEMIC_HIST,CONOC_EXPERTO,Alta
MEM0176,ORG_UNSC_P5,GBR,1945-10-24,,,SRC_ACADEMIC_HIST,CONOC_EXPERTO,Alta
MEM0177,ORG_UNSC_P5,FRA,1945-10-24,,,SRC_ACADEMIC_HIST,CONOC_EXPERTO,Alta
MEM0178,ORG_UNSC_P5,RUS,1945-10-24,,,SRC_ACADEMIC_HIST,CONOC_EXPERTO,Alta
MEM0179,ORG_UNSC_P5,CHN,1971-10-25,,Asiento de la RPC desde Res. 2758; antes ocupado por la República de China (TWN),SRC_ACADEMIC_HIST,CONOC_EXPERTO,Alta
MEM0180,ORG_UNSC_P5,TWN,1945-10-24,1971-10-25,República de China,SRC_ACADEMIC_HIST,CONOC_EXPERTO,Alta
MEM0181,ORG_OECD,AUT,1961,,Fundador,SRC_ACADEMIC_HIST,CONOC_EXPERTO,Alta
MEM0182,ORG_OECD,BEL,1961,,Fundador,SRC_ACADEMIC_HIST,CONOC_EXPERTO,Alta
MEM0183,ORG_OECD,CAN,1961,,Fundador,SRC_ACADEMIC_HIST,CONOC_EXPERTO,Alta
MEM0184,ORG_OECD,DNK,1961,,Fundador,SRC_ACADEMIC_HIST,CONOC_EXPERTO,Alta
MEM0185,ORG_OECD,FRA,1961,,Fundador,SRC_ACADEMIC_HIST,CONOC_EXPERTO,Alta
MEM0186,ORG_OECD,DEU,1961,,Fundador,SRC_ACADEMIC_HIST,CONOC_EXPERTO,Alta
MEM0187,ORG_OECD,GRC,1961,,Fundador,SRC_ACADEMIC_HIST,CONOC_EXPERTO,Alta
MEM0188,ORG_OECD,ISL,1961,,Fundador,SRC_ACADEMIC_HIST,CONOC_EXPERTO,Alta
MEM0189,ORG_OECD,IRL,1961,,Fundador,SRC_ACADEMIC_HIST,CONOC_EXPERTO,Alta
MEM0190,ORG_OECD,ITA,1961,,Fundador,SRC_ACADEMIC_HIST,CONOC_EXPERTO,Alta
MEM0191,ORG_OECD,LUX,1961,,Fundador,SRC_ACADEMIC_HIST,CONOC_EXPERTO,Alta
MEM0192,ORG_OECD,NLD,1961,,Fundador,SRC_ACADEMIC_HIST,CONOC_EXPERTO,Alta
MEM0193,ORG_OECD,NOR,1961,,Fundador,SRC_ACADEMIC_HIST,CONOC_EXPERTO,Alta
MEM0194,ORG_OECD,PRT,1961,,Fundador,SRC_ACADEMIC_HIST,CONOC_EXPERTO,Alta
MEM0195,ORG_OECD,ESP,1961,,Fundador,SRC_ACADEMIC_HIST,CONOC_EXPERTO,Alta
MEM0196,ORG_OECD,SWE,1961,,Fundador,SRC_ACADEMIC_HIST,CONOC_EXPERTO,Alta
MEM0197,ORG_OECD,CHE,1961,,Fundador,SRC_ACADEMIC_HIST,CONOC_EXPERTO,Alta
MEM0198,ORG_OECD,TUR,1961,,Fundador,SRC_ACADEMIC_HIST,CONOC_EXPERTO,Alta
MEM0199,ORG_OECD,GBR,1961,,Fundador,SRC_ACADEMIC_HIST,CONOC_EXPERTO,Alta
MEM0200,ORG_OECD,USA,1961,,Fundador,SRC_ACADEMIC_HIST,CONOC_EXPERTO,Alta
MEM0201,ORG_OECD,JPN,1964,,,SRC_ACADEMIC_HIST,CONOC_EXPERTO,Alta
MEM0202,ORG_OECD,FIN,1969,,,SRC_ACADEMIC_HIST,CONOC_EXPERTO,Alta
MEM0203,ORG_OECD,AUS,1971,,,SRC_ACADEMIC_HIST,CONOC_EXPERTO,Alta
MEM0204,ORG_OECD,NZL,1973,,,SRC_ACADEMIC_HIST,CONOC_EXPERTO,Alta
MEM0205,ORG_OECD,MEX,1994,,,SRC_ACADEMIC_HIST,CONOC_EXPERTO,Alta
MEM0206,ORG_OECD,CZE,1995,,,SRC_ACADEMIC_HIST,CONOC_EXPERTO,Alta
MEM0207,ORG_OECD,HUN,1996,,,SRC_ACADEMIC_HIST,CONOC_EXPERTO,Alta
MEM0208,ORG_OECD,POL,1996,,,SRC_ACADEMIC_HIST,CONOC_EXPERTO,Alta
MEM0209,ORG_OECD,KOR,1996,,,SRC_ACADEMIC_HIST,CONOC_EXPERTO,Alta
MEM0210,ORG_OECD,SVK,2000,,,SRC_ACADEMIC_HIST,CONOC_EXPERTO,Alta
MEM0211,ORG_OECD,CHL,2010,,,SRC_ACADEMIC_HIST,CONOC_EXPERTO,Alta
MEM0212,ORG_OECD,SVN,2010,,,SRC_ACADEMIC_HIST,CONOC_EXPERTO,Alta
MEM0213,ORG_OECD,ISR,2010,,,SRC_ACADEMIC_HIST,CONOC_EXPERTO,Alta
MEM0214,ORG_OECD,EST,2010,,,SRC_ACADEMIC_HIST,CONOC_EXPERTO,Alta
MEM0215,ORG_OECD,LVA,2016,,,SRC_ACADEMIC_HIST,CONOC_EXPERTO,Alta
MEM0216,ORG_OECD,LTU,2018,,,SRC_ACADEMIC_HIST,CONOC_EXPERTO,Alta
MEM0217,ORG_OECD,COL,2020,,,SRC_ACADEMIC_HIST,CONOC_EXPERTO,Alta
MEM0218,ORG_OECD,CRI,2021,,,SRC_ACADEMIC_HIST,CONOC_EXPERTO,Alta
