parameter_id,name,description,scale_unit,historical_variables,method,assumptions_limitations,confidence,value_class,source_ids
PAR01,capacidad_economica_relativa,Peso económico relativo del país en el mundo,proporción 0-1 del PIB mundial (USD corrientes),ny_gdp_mktp_cd,PIB del país / suma del PIB de todos los países con dato ese año,Ignora PPA; suma solo países con dato,Alta,C_parametro_simulacion,SRC_WDI;SRC_VDEM;SRC_COW_NMC
PAR02,capacidad_militar_material_COW,Capacidad material compuesta histórica,índice CINC (proporción del sistema),cow_cinc_share,"Valor CINC observado (COW), no transformado","CINC ≠ poder efectivo (no considera tecnología, entrenamiento ni logística)",Media,C_parametro_simulacion,SRC_WDI;SRC_VDEM;SRC_COW_NMC
PAR03,esfuerzo_defensa,Esfuerzo de defensa,"categórico: bajo (<1,5% PIB) / medio (1,5-3%) / alto (3-6%) / muy alto (>6%)",ms_mil_xpnd_gd_zs,Umbrales fijos aplicados al gasto militar % PIB,Umbrales convencionales elegidos para el juego,Media,C_parametro_simulacion,SRC_WDI;SRC_VDEM;SRC_COW_NMC
PAR04,estabilidad_regimen_institucional,Grado de democracia electoral (insumo para estabilidad y legitimidad),categórico RoW: autocracia cerrada / autocracia electoral / democracia electoral / democracia liberal,v2x_regime,Clasificación V-Dem RoW sin modificación,No mide estabilidad per se; usar con historial de golpes,Alta,C_parametro_simulacion,SRC_WDI;SRC_VDEM;SRC_COW_NMC
PAR05,riesgo_golpe_base,Riesgo base de golpe de Estado,categórico: bajo / medio / alto,e_pt_coup;e_pt_coup_attempts;v2x_regime,Alto si hubo intento de golpe en los 10 años previos; medio si régimen autocrático sin golpes recientes; bajo si democracia sin golpes en 10 años,Regla heurística basada en la 'trampa del golpe' (CL011),Media,C_parametro_simulacion,SRC_WDI;SRC_VDEM;SRC_COW_NMC
PAR06,vulnerabilidad_energetica,Dependencia de importaciones energéticas,categórico: exportador neto (<0%) / baja (0-30%) / media (30-60%) / alta (>60%),eg_imp_cons_zs,Umbrales sobre importaciones netas de energía % del uso,Último dato disponible ≤ año,Alta,C_parametro_simulacion,SRC_WDI;SRC_VDEM;SRC_COW_NMC
PAR07,dependencia_rentas,Dependencia de rentas de recursos naturales,categórico: baja (<5% PIB) / media (5-15%) / alta (>15%),ny_gdp_totl_rt_zs,Umbrales sobre rentas totales % PIB,Rentas estimadas por el Banco Mundial con precios internacionales,Media,C_parametro_simulacion,SRC_WDI;SRC_VDEM;SRC_COW_NMC
PAR08,espacio_fiscal,Margen fiscal aproximado,categórico: amplio (<40% PIB) / moderado (40-80%) / estrecho (80-120%) / crítico (>120%),gc_dod_totl_gd_zs,Umbrales sobre deuda del gobierno central % PIB,Cobertura incompleta; deuda central ≠ deuda general,Media,C_parametro_simulacion,SRC_WDI;SRC_VDEM;SRC_COW_NMC
PAR09,control_corrupcion,Nivel de corrupción política,"continuo 0-1 (V-Dem, mayor = más corrupción)",v2x_corr,Valor V-Dem observado,Estimación de expertos,Media,C_parametro_simulacion,SRC_WDI;SRC_VDEM;SRC_COW_NMC
PAR10,presion_inflacionaria,Presión inflacionaria,categórico: baja (<5%) / moderada (5-15%) / alta (15-50%) / muy alta (50-1000%) / hiperinflación (>1000%),fp_cpi_totl_zg,Umbrales sobre inflación IPC anual,,Alta,C_parametro_simulacion,SRC_WDI;SRC_VDEM;SRC_COW_NMC
