sheet,indicator_id,n_observations,n_countries,first_year,last_year,pct_filled_in_panel,share_exact_zero,issue
05_DEMOGRAFIA,sp_pop_totl,13945,215,1960,2024,98.3,0.0,
05_DEMOGRAFIA,sp_urb_totl_in_zs,13975,215,1960,2024,98.5,0.0,
05_DEMOGRAFIA,sp_rur_totl_zs,13975,215,1960,2024,98.5,0.0434,
05_DEMOGRAFIA,en_pop_dnst,12194,214,1961,2023,85.9,0.0,
05_DEMOGRAFIA,sp_dyn_cbrt_in,13945,215,1960,2024,98.3,0.0,
05_DEMOGRAFIA,sp_dyn_cdrt_in,13945,215,1960,2024,98.3,0.0,
05_DEMOGRAFIA,sp_dyn_imrt_in,11830,196,1960,2024,83.4,0.0,
05_DEMOGRAFIA,sp_dyn_le00_in,13941,215,1960,2024,98.2,0.0,
05_DEMOGRAFIA,sp_dyn_tfrt_in,13943,215,1960,2024,98.3,0.0,
05_DEMOGRAFIA,sm_pop_netm,14190,215,1960,2025,100.0,0.0144,
05_DEMOGRAFIA,sp_pop_0014_to_zs,13975,215,1960,2024,98.5,0.0,
05_DEMOGRAFIA,sp_pop_1564_to_zs,13975,215,1960,2024,98.5,0.0,
05_DEMOGRAFIA,sp_pop_65up_to_zs,13975,215,1960,2024,98.5,0.0,
05_DEMOGRAFIA,sp_pop_dpnd,13945,215,1960,2024,98.3,0.0,
06_INDICADORES_SOCIALES,sl_tlf_totl_in,6646,185,1990,2025,54.8,0.0,
06_INDICADORES_SOCIALES,sl_tlf_cact_zs,6646,185,1990,2025,54.8,0.0,
06_INDICADORES_SOCIALES,sl_uem_totl_zs,6461,185,1991,2025,53.3,0.0,
06_INDICADORES_SOCIALES,sl_uem_1524_zs,6461,185,1991,2025,53.3,0.0,
06_INDICADORES_SOCIALES,sl_emp_vuln_zs,6461,185,1991,2025,53.3,0.0,
06_INDICADORES_SOCIALES,se_adt_litr_zs,1117,169,1970,2024,9.2,0.0,
06_INDICADORES_SOCIALES,se_prm_enrr,7468,207,1970,2025,61.6,0.0,
06_INDICADORES_SOCIALES,se_sec_enrr,6254,206,1970,2025,51.6,0.0003,
06_INDICADORES_SOCIALES,se_ter_enrr,5329,201,1970,2025,43.9,0.0023,
06_INDICADORES_SOCIALES,se_xpd_totl_gd_zs,5105,202,1970,2025,42.1,0.0004,
06_INDICADORES_SOCIALES,si_pov_gini,2430,171,1963,2025,20.0,0.0,
06_INDICADORES_SOCIALES,si_pov_dday,2430,171,1963,2025,20.0,0.0765,
06_INDICADORES_SOCIALES,si_dst_10th_10,2430,171,1963,2025,20.0,0.0,
06_INDICADORES_SOCIALES,sh_xpd_chex_gd_zs,4562,193,2000,2024,37.6,0.0,
06_INDICADORES_SOCIALES,sh_med_phys_zs,5356,206,1960,2023,44.2,0.0,
06_INDICADORES_SOCIALES,sh_med_beds_zs,4714,199,1960,2023,38.9,0.0,
06_INDICADORES_SOCIALES,sh_sta_mmrt,7527,193,1985,2023,62.0,0.0,
06_INDICADORES_SOCIALES,eg_elc_accs_zs,6464,214,1990,2023,53.3,0.0,
06_INDICADORES_SOCIALES,sh_h2o_smdw_zs,3666,149,2000,2024,30.2,0.0,
06_INDICADORES_SOCIALES,sh_sta_smss_zs,3544,145,2000,2024,29.2,0.0025,
06_INDICADORES_SOCIALES,it_net_user_zs,6170,211,1990,2025,50.9,0.0404,
06_INDICADORES_SOCIALES,it_cel_sets_p2,10510,212,1960,2024,86.6,0.383,revisar ceros: posible codificación de faltantes
06_INDICADORES_SOCIALES,sn_itk_defc_zs,3831,169,2001,2023,31.6,0.0,
07_MACROECONOMIA,ny_gdp_mktp_cd,11483,212,1960,2024,98.0,0.0,
07_MACROECONOMIA,ny_gdp_mktp_kd,11253,211,1960,2024,96.0,0.0,
07_MACROECONOMIA,ny_gdp_mktp_kd_zg,11130,212,1961,2024,94.9,0.0015,
07_MACROECONOMIA,ny_gdp_pcap_cd,11483,212,1960,2024,98.0,0.0,
07_MACROECONOMIA,ny_gdp_pcap_kd_zg,11130,212,1961,2024,94.9,0.0,
07_MACROECONOMIA,ny_gdp_pcap_pp_cd,6775,201,1990,2024,57.8,0.0,
07_MACROECONOMIA,ny_gdp_pcap_pp_kd,6729,197,1990,2024,57.4,0.0,
07_MACROECONOMIA,ny_gdp_mktp_pp_cd,6775,201,1990,2024,57.8,0.0,
07_MACROECONOMIA,ny_gdp_mktp_pp_kd,6729,197,1990,2024,57.4,0.0,
07_MACROECONOMIA,ny_gnp_pcap_cd,10365,206,1962,2024,88.4,0.0,
07_MACROECONOMIA,nv_agr_totl_zs,8828,205,1960,2024,75.3,0.0024,
07_MACROECONOMIA,nv_ind_totl_zs,8783,207,1960,2024,74.9,0.0022,
07_MACROECONOMIA,nv_ind_manf_zs,8000,202,1960,2024,68.2,0.0025,
07_MACROECONOMIA,nv_srv_totl_zs,8357,204,1960,2024,71.3,0.0022,
07_MACROECONOMIA,ne_gdi_totl_zs,8378,184,1960,2024,71.5,0.0044,
07_MACROECONOMIA,ne_gdi_ftot_zs,7881,178,1960,2024,67.2,0.0009,
07_MACROECONOMIA,ne_con_govt_zs,8403,184,1960,2024,71.7,0.0,
07_MACROECONOMIA,ne_con_prvt_zs,8363,186,1960,2024,71.3,0.0,
07_MACROECONOMIA,ny_gns_ictr_zs,6305,178,1960,2024,53.8,0.0,
07_MACROECONOMIA,fp_cpi_totl_zg,8971,193,1960,2024,76.5,0.0001,
07_MACROECONOMIA,ny_gdp_defl_kd_zg,11087,211,1961,2024,94.6,0.0004,
07_MACROECONOMIA,sl_gdp_pcap_em_kd,5893,175,1991,2024,50.3,0.0,
08_FINANZAS_PUBLICAS,gc_rev_xgrt_gd_zs,4661,162,1972,2024,97.3,0.0004,
08_FINANZAS_PUBLICAS,gc_tax_totl_gd_zs,4686,161,1972,2024,97.8,0.0,
08_FINANZAS_PUBLICAS,gc_xpn_totl_gd_zs,4452,161,1972,2024,92.9,0.0,
08_FINANZAS_PUBLICAS,gc_nld_totl_gd_zs,4436,158,1972,2024,92.6,0.0,
08_FINANZAS_PUBLICAS,gc_dod_totl_gd_zs,1638,109,1970,2024,34.2,0.0,
08_FINANZAS_PUBLICAS,gc_dod_totl_cn,1640,109,1970,2024,34.2,0.0,
08_FINANZAS_PUBLICAS,gc_tax_gsrv_rv_zs,4592,161,1972,2024,95.8,0.0,
08_FINANZAS_PUBLICAS,gc_tax_intt_rv_zs,4004,159,1972,2024,83.6,0.0,
08_FINANZAS_PUBLICAS,gc_xpn_intp_zs,4289,156,1972,2024,89.5,0.0,
08_FINANZAS_PUBLICAS,gc_xpn_intp_rv_zs,4484,160,1972,2024,93.6,0.0,
08_FINANZAS_PUBLICAS,gc_xpn_comp_zs,4301,157,1972,2024,89.8,0.0,
08_FINANZAS_PUBLICAS,gc_xpn_trft_zs,3662,154,1972,2024,76.4,0.0,
09_MONEDA_MERCADOS,pa_nus_fcrf,12229,212,1960,2024,97.0,0.014,
09_MONEDA_MERCADOS,pa_nus_ppp,6843,203,1990,2025,54.3,0.0056,
09_MONEDA_MERCADOS,fr_inr_lend,4717,148,1960,2024,37.4,0.0,
09_MONEDA_MERCADOS,fr_inr_dpst,4896,152,1960,2024,38.8,0.0,
09_MONEDA_MERCADOS,fr_inr_rinr,4694,148,1961,2024,37.2,0.0,
09_MONEDA_MERCADOS,fi_res_totl_cd,9340,182,1960,2024,74.1,0.0,
09_MONEDA_MERCADOS,fi_res_totl_mo,6978,179,1960,2024,55.3,0.0,
09_MONEDA_MERCADOS,fm_lbl_bmny_gd_zs,8283,166,1960,2024,65.7,0.0,
09_MONEDA_MERCADOS,fm_lbl_bmny_zg,8261,166,1961,2024,65.5,0.0001,
09_MONEDA_MERCADOS,fs_ast_prvt_gd_zs,7486,186,1960,2024,59.4,0.0,
09_MONEDA_MERCADOS,cm_mkt_lcap_gd_zs,2696,103,1975,2024,21.4,0.0,
10_COMERCIO,ne_exp_gnfs_cd,8760,190,1960,2024,76.0,0.0,
10_COMERCIO,ne_imp_gnfs_cd,8760,190,1960,2024,76.0,0.0,
10_COMERCIO,ne_exp_gnfs_zs,8744,190,1960,2024,75.9,0.0,
10_COMERCIO,ne_imp_gnfs_zs,8744,190,1960,2024,75.9,0.0,
10_COMERCIO,ne_trd_gnfs_zs,8744,190,1960,2024,75.9,0.0,
10_COMERCIO,bn_cab_xoka_cd,7688,200,1960,2024,66.7,0.0,
10_COMERCIO,bn_cab_xoka_gd_zs,7621,200,1960,2024,66.1,0.0,
10_COMERCIO,bx_klt_dinv_cd_wd,9527,204,1970,2024,82.7,0.0152,
10_COMERCIO,bx_klt_dinv_wd_gd_zs,9215,202,1970,2024,80.0,0.0133,
10_COMERCIO,dt_dod_dect_cd,5785,121,1970,2024,50.2,0.0009,
10_COMERCIO,dt_dod_dect_gn_zs,5537,121,1970,2024,48.1,0.0009,
10_COMERCIO,dt_tds_dect_ex_zs,4784,121,1970,2024,41.5,0.0002,
10_COMERCIO,tm_tax_mrch_wm_ar_zs,3771,188,1988,2022,32.7,0.0172,
10_COMERCIO,tx_val_fuel_zs_un,7497,196,1962,2024,65.1,0.0448,
10_COMERCIO,tx_val_manf_zs_un,7909,197,1962,2024,68.6,0.0019,
10_COMERCIO,tx_val_food_zs_un,7937,197,1962,2024,68.9,0.0004,
10_COMERCIO,tx_val_mmtl_zs_un,7786,196,1962,2024,67.6,0.0064,
10_COMERCIO,tx_val_agri_zs_un,7882,197,1962,2024,68.4,0.0032,
10_COMERCIO,tm_val_fuel_zs_un,7959,197,1962,2024,69.1,0.0,
10_COMERCIO,tm_val_food_zs_un,7969,197,1962,2024,69.2,0.0,
10_COMERCIO,tm_val_manf_zs_un,7969,197,1962,2024,69.2,0.0,
10_COMERCIO,bx_trf_pwkr_dt_gd_zs,7014,199,1970,2024,60.9,0.0,
10_COMERCIO,dt_oda_odat_gn_zs,7855,162,1960,2023,68.2,0.0,
11_RECURSOS_ENERGIA,eg_imp_cons_zs,4399,145,1990,2023,32.6,0.0,
11_RECURSOS_ENERGIA,eg_use_pcap_kg_oe,5196,179,1990,2024,38.5,0.0002,
11_RECURSOS_ENERGIA,eg_use_elec_kh_pc,5057,150,1990,2024,37.5,0.0002,
11_RECURSOS_ENERGIA,ny_gdp_totl_rt_zs,9164,212,1970,2021,68.0,0.0844,
11_RECURSOS_ENERGIA,ny_gdp_petr_rt_zs,8357,198,1970,2021,62.0,0.4415,revisar ceros: posible codificación de faltantes
11_RECURSOS_ENERGIA,ny_gdp_ngas_rt_zs,8352,199,1970,2021,61.9,0.5224,revisar ceros: posible codificación de faltantes
11_RECURSOS_ENERGIA,ny_gdp_coal_rt_zs,8282,198,1970,2021,61.4,0.6385,revisar ceros: posible codificación de faltantes
11_RECURSOS_ENERGIA,ny_gdp_minr_rt_zs,9196,212,1970,2021,68.2,0.4501,revisar ceros: posible codificación de faltantes
11_RECURSOS_ENERGIA,ny_gdp_frst_rt_zs,9196,212,1970,2021,68.2,0.106,
11_RECURSOS_ENERGIA,eg_elc_rnew_zs,5753,207,1990,2021,42.7,0.0921,
11_RECURSOS_ENERGIA,eg_fec_rnew_zs,6680,210,1990,2022,49.5,0.0614,
11_RECURSOS_ENERGIA,eg_elc_nucl_zs,5962,207,1990,2024,44.2,0.8271,revisar ceros: posible codificación de faltantes
11_RECURSOS_ENERGIA,eg_elc_hyro_zs,6223,207,1990,2024,46.2,0.2157,
11_RECURSOS_ENERGIA,eg_elc_ngas_zs,6137,207,1990,2024,45.5,0.4271,revisar ceros: posible codificación de faltantes
11_RECURSOS_ENERGIA,eg_elc_coal_zs,6093,207,1990,2024,45.2,0.5549,revisar ceros: posible codificación de faltantes
11_RECURSOS_ENERGIA,eg_elc_petr_zs,6260,207,1990,2024,46.4,0.0565,
11_RECURSOS_ENERGIA,ag_lnd_totl_k2,12223,214,1961,2023,90.6,0.0,
11_RECURSOS_ENERGIA,ag_srf_totl_k2,13308,214,1961,2023,98.7,0.0,
11_RECURSOS_ENERGIA,ag_lnd_agri_zs,11995,208,1961,2023,89.0,0.0,
11_RECURSOS_ENERGIA,ag_lnd_arbl_zs,11745,204,1961,2023,87.1,0.0,
11_RECURSOS_ENERGIA,ag_lnd_frst_zs,6993,212,1990,2023,51.9,0.0194,
11_RECURSOS_ENERGIA,er_h2o_intr_pc,10376,182,1961,2022,77.0,0.006,
11_RECURSOS_ENERGIA,er_h2o_fwtl_zs,6137,176,1962,2022,45.5,0.0,
11_RECURSOS_ENERGIA,er_h2o_fwst_zs,6167,177,1962,2022,45.7,0.0,
11_RECURSOS_ENERGIA,ag_prd_food_xd,10949,194,1961,2022,81.2,0.0,
11_RECURSOS_ENERGIA,ag_yld_crel_kg,10280,180,1961,2024,76.2,0.0,
12_INFRAESTRUCTURA,is_air_psgr,7929,185,1970,2023,84.5,0.005,
12_INFRAESTRUCTURA,is_air_dprt,7926,185,1970,2023,84.5,0.0029,
12_INFRAESTRUCTURA,is_air_good_mt_k1,7513,184,1970,2023,80.1,0.0225,
12_INFRAESTRUCTURA,is_rrs_totl_km,2139,116,1995,2021,22.8,0.0,
12_INFRAESTRUCTURA,is_rrs_good_mt_k6,2165,113,1995,2021,23.1,0.0,
12_INFRAESTRUCTURA,is_shp_good_tu,2717,167,2000,2022,29.0,0.0,
12_INFRAESTRUCTURA,it_net_bbnd_p2,4296,206,1998,2024,45.8,0.0033,
12_INFRAESTRUCTURA,lp_lpi_ovrl_xq,1071,169,2007,2022,11.4,0.0,
12_INFRAESTRUCTURA,eg_elc_loss_zs,5030,150,1990,2024,53.6,0.0016,
13_DEFENSA_PRESUPUESTOS,ms_mil_xpnd_cd,8248,167,1960,2024,93.4,0.0295,
13_DEFENSA_PRESUPUESTOS,ms_mil_xpnd_cn,8248,167,1960,2024,93.4,0.0179,
13_DEFENSA_PRESUPUESTOS,ms_mil_xpnd_gd_zs,7909,164,1960,2024,89.5,0.0,
13_DEFENSA_PRESUPUESTOS,ms_mil_xpnd_zs,4665,161,1988,2024,52.8,0.0,
13_DEFENSA_PRESUPUESTOS,ms_mil_totl_p1,5355,174,1985,2020,60.6,0.0032,
13_DEFENSA_PRESUPUESTOS,ms_mil_totl_tf_zs,5025,172,1990,2020,56.9,0.002,
15c_COMERCIO_ARMAS,ms_mil_xprt_kd,2383,124,1960,2024,33.7,0.0323,
15c_COMERCIO_ARMAS,ms_mil_mprt_kd,6873,187,1960,2024,97.3,0.0256,
27_TECNOLOGIA,gb_xpd_rsdv_gd_zs,2458,154,1996,2024,31.9,0.0,
27_TECNOLOGIA,sp_pop_scie_rd_p6,1971,144,1996,2024,25.6,0.0,
27_TECNOLOGIA,ip_pat_resd,3856,158,1980,2021,50.0,0.0,
27_TECNOLOGIA,ip_pat_nres,4181,168,1980,2021,54.3,0.0,
27_TECNOLOGIA,ip_jrn_artc_sc,5292,196,1996,2022,68.7,0.0204,
27_TECNOLOGIA,tx_val_tech_cd,2683,186,2007,2024,34.8,0.019,
27_TECNOLOGIA,tx_val_tech_mf_zs,2665,186,2007,2024,34.6,0.0188,
27_TECNOLOGIA,bm_gsr_royl_cd,5082,178,1960,2024,65.9,0.0,
27_TECNOLOGIA,bx_gsr_royl_cd,3861,172,1962,2024,50.1,0.0,
28_SEGURIDAD_INTERIOR,vc_ihr_psrc_p5,4015,194,1990,2023,77.0,0.0012,
28_SEGURIDAD_INTERIOR,vc_btl_deth,1212,109,1989,2024,23.2,0.0124,
28_SEGURIDAD_INTERIOR,vc_idp_nwcv,513,71,2009,2023,9.8,0.0,
28_SEGURIDAD_INTERIOR,vc_idp_nwds,1767,197,2008,2023,33.9,0.0,
31_MEDIOAMBIENTE,en_ghg_co2_pc_ce_ar5,11055,201,1970,2024,96.7,0.0136,
31_MEDIOAMBIENTE,en_ghg_all_mt_ce_ar5,11055,201,1970,2024,96.7,0.0,
31_MEDIOAMBIENTE,en_atm_pm25_mc_m3,6138,198,1990,2020,53.7,0.0,
31_MEDIOAMBIENTE,en_clc_mdat_zs,167,167,2009,2009,1.5,0.0599,
31_MEDIOAMBIENTE,ag_lnd_frst_k2,6993,212,1990,2023,61.1,0.0194,
31_MEDIOAMBIENTE,en_pop_el5m_zs,639,213,1990,2015,5.6,0.2019,
06b_FRACCIONALIZACION,creg_ethnic_frac,8643,159,1945,2013,76.4,0.0,
06b_FRACCIONALIZACION,creg_ethnic_polar,8643,159,1945,2013,76.4,0.0,
06b_FRACCIONALIZACION,creg_relig_frac,8790,161,1945,2013,77.7,0.0,
06b_FRACCIONALIZACION,creg_relig_polar,8790,161,1945,2013,77.7,0.0,
06b_FRACCIONALIZACION,hief_ethnic_frac,8783,159,1945,2013,77.6,0.0051,
07b_PIB_POBLACION_HIST,e_gdp,22191,191,1789,2019,83.1,0.0,
07b_PIB_POBLACION_HIST,e_gdppc,22191,191,1789,2019,83.1,0.0,
07b_PIB_POBLACION_HIST,e_pop,22191,191,1789,2019,83.1,0.0,
07b_PIB_POBLACION_HIST,e_miinflat,12139,154,1789,2010,45.4,0.0003,
07b_PIB_POBLACION_HIST,e_cow_exports,12896,171,1870,2014,48.3,0.0,
07b_PIB_POBLACION_HIST,e_cow_imports,12380,167,1870,2014,46.3,0.0,
07b_PIB_POBLACION_HIST,e_total_oil_income_pc,14531,163,1800,2006,54.4,0.6633,revisar ceros: posible codificación de faltantes
07b_PIB_POBLACION_HIST,e_total_fuel_income_pc,10609,163,1900,2006,39.7,0.3926,revisar ceros: posible codificación de faltantes
07b_PIB_POBLACION_HIST,e_total_resources_income_pc,10566,163,1900,2006,39.5,0.2235,
07b_PIB_POBLACION_HIST,e_miurbani,17078,155,1800,2000,63.9,0.0,
07b_PIB_POBLACION_HIST,e_pelifeex,25492,175,1800,2025,95.4,0.0002,
07b_PIB_POBLACION_HIST,e_peaveduc,12996,131,1820,2010,48.6,0.0,
07b_PIB_POBLACION_HIST,e_radio_n,10293,148,1815,2000,38.5,0.3944,revisar ceros: posible codificación de faltantes
10b_COMERCIO_HIST_COW,cow_imports_musd_current,12858,177,1870,2014,89.4,0.0,
10b_COMERCIO_HIST_COW,cow_exports_musd_current,13585,185,1870,2014,94.5,0.0,
11b_ENERGIA_OWID,owid_primary_energy_consumption,10311,217,1965,2024,60.1,0.0173,
11b_ENERGIA_OWID,owid_energy_per_capita,10267,216,1965,2024,59.9,0.0173,
11b_ENERGIA_OWID,owid_oil_production,13751,215,1900,2024,80.2,0.5293,
11b_ENERGIA_OWID,owid_gas_production,13205,215,1900,2024,77.0,0.6095,
11b_ENERGIA_OWID,owid_coal_production,12993,215,1900,2024,75.8,0.5033,
11b_ENERGIA_OWID,owid_oil_consumption,4465,79,1965,2024,26.0,0.0013,
11b_ENERGIA_OWID,owid_gas_consumption,4465,79,1965,2024,26.0,0.1165,
11b_ENERGIA_OWID,owid_coal_consumption,4465,79,1965,2024,26.0,0.0965,
11b_ENERGIA_OWID,owid_electricity_generation,6577,214,1985,2025,38.4,0.004,
11b_ENERGIA_OWID,owid_electricity_demand,5717,214,1990,2025,33.3,0.0042,
11b_ENERGIA_OWID,owid_net_elec_imports,5717,214,1990,2025,33.3,0.4207,
11b_ENERGIA_OWID,owid_nuclear_electricity,8321,208,1965,2025,48.5,0.8117,
11b_ENERGIA_OWID,owid_hydro_electricity,7802,214,1965,2025,45.5,0.2324,
11b_ENERGIA_OWID,owid_solar_electricity,7879,214,1965,2025,46.0,0.6992,
11b_ENERGIA_OWID,owid_wind_electricity,7691,212,1965,2025,44.9,0.7034,
11b_ENERGIA_OWID,owid_fossil_share_elec,6066,213,1985,2025,35.4,0.0305,
11b_ENERGIA_OWID,owid_renewables_share_elec,6551,213,1985,2025,38.2,0.1646,
11b_ENERGIA_OWID,owid_low_carbon_share_elec,6551,213,1985,2025,38.2,0.1646,
11b_ENERGIA_OWID,owid_fossil_share_energy,4459,79,1965,2024,26.0,0.0,
11b_ENERGIA_OWID,owid_carbon_intensity_elec,5691,213,1990,2025,33.2,0.0039,
13b_CAPACIDADES_HIST_COW,cow_milex_thousand_usd_current,14760,212,1816,2022,86.2,0.0517,
13b_CAPACIDADES_HIST_COW,cow_milper_thousands,16663,212,1816,2022,97.3,0.0816,
13b_CAPACIDADES_HIST_COW,cow_iron_steel_thousand_tons,17093,212,1816,2022,99.8,0.5567,revisar ceros: posible codificación de faltantes
13b_CAPACIDADES_HIST_COW,cow_energy_thousand_coal_ton_eq,16672,203,1816,2022,97.4,0.0815,
13b_CAPACIDADES_HIST_COW,cow_total_pop_thousands,17119,212,1816,2022,100.0,0.0,
13b_CAPACIDADES_HIST_COW,cow_urban_pop_thousands,17051,212,1816,2022,99.6,0.2118,
13b_CAPACIDADES_HIST_COW,cow_cinc_share,17119,212,1816,2022,100.0,0.0,
13b_CAPACIDADES_HIST_COW,terr_threat_latent,14779,211,1816,2010,86.3,0.0,
13b_CAPACIDADES_HIST_COW,terr_threat_lwr95,14779,211,1816,2010,86.3,0.0,
13b_CAPACIDADES_HIST_COW,terr_threat_upr95,14779,211,1816,2010,86.3,0.0,
13b_CAPACIDADES_HIST_COW,igo_full_memberships,15557,212,1816,2014,90.9,0.0905,
19c_REGIMEN_PANEL_VDEM,v2x_regime,19760,183,1900,2025,99.5,0.4955,revisar ceros: posible codificación de faltantes
19c_REGIMEN_PANEL_VDEM,v2x_regime_amb,19760,183,1900,2025,99.5,0.4715,revisar ceros: posible codificación de faltantes
19c_REGIMEN_PANEL_VDEM,v2x_polyarchy,19777,183,1900,2025,99.6,0.0,
19c_REGIMEN_PANEL_VDEM,v2x_libdem,19534,183,1900,2025,98.4,0.0,
19c_REGIMEN_PANEL_VDEM,v2x_partipdem,19698,183,1900,2025,99.2,0.0,
19c_REGIMEN_PANEL_VDEM,v2x_delibdem,19667,183,1900,2025,99.0,0.0,
19c_REGIMEN_PANEL_VDEM,v2x_egaldem,19667,183,1900,2025,99.0,0.0,
19c_REGIMEN_PANEL_VDEM,v2x_liberal,19605,183,1900,2025,98.7,0.0,
19c_REGIMEN_PANEL_VDEM,v2xcl_rol,19851,183,1900,2025,100.0,0.0002,
19c_REGIMEN_PANEL_VDEM,v2x_jucon,19617,183,1900,2025,98.8,0.0,
19c_REGIMEN_PANEL_VDEM,v2xlg_legcon,17057,182,1900,2025,85.9,0.0,
19c_REGIMEN_PANEL_VDEM,v2x_freexp_altinf,19821,183,1900,2025,99.8,0.0,
19c_REGIMEN_PANEL_VDEM,v2x_frassoc_thick,19856,183,1900,2025,100.0,0.0,
19c_REGIMEN_PANEL_VDEM,v2xel_frefair,19835,183,1900,2025,99.9,0.3334,revisar ceros: posible codificación de faltantes
19c_REGIMEN_PANEL_VDEM,v2x_suffr,19848,183,1900,2025,100.0,0.1933,
19c_REGIMEN_PANEL_VDEM,v2x_elecoff,19835,183,1900,2025,99.9,0.4329,revisar ceros: posible codificación de faltantes
19c_REGIMEN_PANEL_VDEM,v2x_civlib,19851,183,1900,2025,100.0,0.0,
19c_REGIMEN_PANEL_VDEM,v2x_clphy,19851,183,1900,2025,100.0,0.0,
19c_REGIMEN_PANEL_VDEM,v2x_clpol,19857,183,1900,2025,100.0,0.0,
19c_REGIMEN_PANEL_VDEM,v2x_clpriv,19851,183,1900,2025,100.0,0.0002,
19c_REGIMEN_PANEL_VDEM,v2x_corr,19624,183,1900,2025,98.8,0.0,
19c_REGIMEN_PANEL_VDEM,v2x_pubcorr,19733,183,1900,2025,99.4,0.0,
19c_REGIMEN_PANEL_VDEM,v2x_execorr,19730,183,1900,2025,99.4,0.0,
19c_REGIMEN_PANEL_VDEM,v2x_rule,19781,183,1900,2025,99.6,0.0,
19c_REGIMEN_PANEL_VDEM,v2x_neopat,19645,183,1900,2025,98.9,0.0,
19c_REGIMEN_PANEL_VDEM,v2x_ex_military,19857,183,1900,2025,100.0,0.4406,
19c_REGIMEN_PANEL_VDEM,v2x_ex_party,19857,183,1900,2025,100.0,0.4503,
19c_REGIMEN_PANEL_VDEM,v2x_ex_hereditary,19857,183,1900,2025,100.0,0.7753,
19c_REGIMEN_PANEL_VDEM,v2x_ex_confidence,19755,183,1900,2025,99.5,0.543,
19c_REGIMEN_PANEL_VDEM,v2x_ex_direlect,19825,183,1900,2025,99.8,0.7565,
19c_REGIMEN_PANEL_VDEM,v2x_accountability,19719,183,1900,2025,99.3,0.0003,
19c_REGIMEN_PANEL_VDEM,v2x_horacc,19719,183,1900,2025,99.3,0.0003,
19c_REGIMEN_PANEL_VDEM,v2x_veracc,19719,183,1900,2025,99.3,0.0005,
19c_REGIMEN_PANEL_VDEM,v2x_diagacc,19719,183,1900,2025,99.3,0.0003,
19c_REGIMEN_PANEL_VDEM,v2x_feduni,19857,183,1900,2025,100.0,0.4071,revisar ceros: posible codificación de faltantes
19c_REGIMEN_PANEL_VDEM,v2x_divparctrl,19638,183,1900,2025,98.9,0.0,
19c_REGIMEN_PANEL_VDEM,v2xps_party,15042,182,1900,2025,75.8,0.0001,
19c_REGIMEN_PANEL_VDEM,v2x_cspart,19856,183,1900,2025,100.0,0.0,
19c_REGIMEN_PANEL_VDEM,v2xcs_ccsi,19857,183,1900,2025,100.0,0.0,
19c_REGIMEN_PANEL_VDEM,v2x_gender,19184,183,1900,2025,96.6,0.0,
19c_REGIMEN_PANEL_VDEM,v2juhcind,19662,183,1900,2025,99.0,0.0,
19c_REGIMEN_PANEL_VDEM,v2juncind,19853,183,1900,2025,100.0,0.0,
19c_REGIMEN_PANEL_VDEM,v2jucorrdc,19675,183,1900,2025,99.1,0.0,
19c_REGIMEN_PANEL_VDEM,v2lgbicam,19847,183,1900,2025,99.9,0.2503,
19c_REGIMEN_PANEL_VDEM,v2lgfemleg,14186,181,1900,2025,71.4,0.326,revisar ceros: posible codificación de faltantes
19c_REGIMEN_PANEL_VDEM,v2elmulpar,13258,180,1900,2025,66.8,0.0004,
19c_REGIMEN_PANEL_VDEM,v2elfrfair,13254,180,1900,2025,66.7,0.0,
19c_REGIMEN_PANEL_VDEM,v2elintim,13255,180,1900,2025,66.8,0.0002,
19c_REGIMEN_PANEL_VDEM,v2psparban,19856,183,1900,2025,100.0,0.0001,
19c_REGIMEN_PANEL_VDEM,v2mecenefm,19700,183,1900,2025,99.2,0.001,
19c_REGIMEN_PANEL_VDEM,v2meharjrn,19776,183,1900,2025,99.6,0.0,
19c_REGIMEN_PANEL_VDEM,v2csreprss,19857,183,1900,2025,100.0,0.0,
19c_REGIMEN_PANEL_VDEM,v2cacamps,19333,180,1900,2025,97.4,0.0,
19c_REGIMEN_PANEL_VDEM,v2caviol,19352,180,1900,2025,97.5,0.0001,
19c_REGIMEN_PANEL_VDEM,v2exl_legitideol,18913,179,1900,2023,95.2,0.0001,
19c_REGIMEN_PANEL_VDEM,v2exl_legitlead,18927,179,1900,2023,95.3,0.0006,
19c_REGIMEN_PANEL_VDEM,v2exl_legitperf,18914,179,1900,2023,95.3,0.0001,
19c_REGIMEN_PANEL_VDEM,v2exl_legitratio,18914,179,1900,2023,95.3,0.0003,
19c_REGIMEN_PANEL_VDEM,v2smgovdom,4636,179,2000,2025,23.3,0.0004,
19c_REGIMEN_PANEL_VDEM,v2smfordom,4636,179,2000,2025,23.3,0.0,
19c_REGIMEN_PANEL_VDEM,e_fh_status,8332,174,1972,2024,42.0,0.0,
19c_REGIMEN_PANEL_VDEM,e_fh_pr,8332,174,1972,2024,42.0,0.0,
19c_REGIMEN_PANEL_VDEM,e_fh_cl,8332,174,1972,2024,42.0,0.0,
19c_REGIMEN_PANEL_VDEM,e_p_polity,12835,170,1900,2018,64.6,0.0077,
19c_REGIMEN_PANEL_VDEM,e_polity2,12621,170,1900,2018,63.6,0.0264,
19c_REGIMEN_PANEL_VDEM,e_boix_regime,13425,176,1900,2020,67.6,0.5928,
19c_REGIMEN_PANEL_VDEM,e_lexical_index,19325,182,1900,2024,97.3,0.2937,
19c_REGIMEN_PANEL_VDEM,e_ti_cpi,2206,172,2012,2024,11.1,0.0,
19c_REGIMEN_PANEL_VDEM,e_wbgi_vae,4430,172,1996,2024,22.3,0.0002,
19c_REGIMEN_PANEL_VDEM,e_wbgi_pve,4430,172,1996,2024,22.3,0.0002,
19c_REGIMEN_PANEL_VDEM,e_wbgi_gee,4417,172,1996,2024,22.2,0.0,
19c_REGIMEN_PANEL_VDEM,e_wbgi_rqe,4420,172,1996,2024,22.3,0.0,
19c_REGIMEN_PANEL_VDEM,e_wbgi_rle,4430,172,1996,2024,22.3,0.0002,
19c_REGIMEN_PANEL_VDEM,e_wbgi_cce,4430,172,1996,2024,22.3,0.0005,
19c_REGIMEN_PANEL_VDEM,e_democracy_trans,13425,176,1900,2020,67.6,0.9824,
19c_REGIMEN_PANEL_VDEM,e_democracy_breakdowns,13425,176,1900,2020,67.6,0.7721,
19c_REGIMEN_PANEL_VDEM,e_legparty,11030,172,1900,2008,55.5,0.0514,
19c_REGIMEN_PANEL_VDEM,e_coups,11214,169,1900,2008,56.5,0.9637,
19c_REGIMEN_PANEL_VDEM,e_pt_coup,11062,178,1950,2025,55.7,0.9791,
19c_REGIMEN_PANEL_VDEM,e_pt_coup_attempts,11062,178,1950,2025,55.7,0.9616,
19c_REGIMEN_PANEL_VDEM,e_civil_war,10423,163,1900,2006,52.5,0.9366,
29_ADMIN_PUBLICA,v2stfisccap,18558,180,1900,2025,93.5,0.0001,
29_ADMIN_PUBLICA,v2stcritrecadm,18442,180,1900,2025,92.9,0.0,
29_ADMIN_PUBLICA,v2stcritapparm,18414,180,1900,2025,92.7,0.0,
29_ADMIN_PUBLICA,v2svstterr,14309,178,1900,2025,72.1,0.0,
29_ADMIN_PUBLICA,v2svdomaut,19856,183,1900,2025,100.0,0.0,
29_ADMIN_PUBLICA,v2svinlaut,19856,183,1900,2025,100.0,0.0,
29_ADMIN_PUBLICA,v2xnp_regcorr,19754,183,1900,2025,99.5,0.0,
29_ADMIN_PUBLICA,e_wbgi_gee,4417,172,1996,2024,22.2,0.0,
29_ADMIN_PUBLICA,e_wbgi_rqe,4420,172,1996,2024,22.3,0.0,
28b_REPRESION_VIOLENCIA,v2clkill,19851,183,1900,2025,100.0,0.0,
28b_REPRESION_VIOLENCIA,v2cltort,19857,183,1900,2025,100.0,0.0002,
28b_REPRESION_VIOLENCIA,v2csreprss,19857,183,1900,2025,100.0,0.0,
28b_REPRESION_VIOLENCIA,v2cacamps,19333,180,1900,2025,97.4,0.0,
28b_REPRESION_VIOLENCIA,v2caviol,19352,180,1900,2025,97.5,0.0001,
28b_REPRESION_VIOLENCIA,v2x_clphy,19851,183,1900,2025,100.0,0.0,
28b_REPRESION_VIOLENCIA,e_wbgi_pve,4430,172,1996,2024,22.3,0.0002,
28b_REPRESION_VIOLENCIA,e_civil_war,10423,163,1900,2006,52.5,0.9366,
28b_REPRESION_VIOLENCIA,v2pepwrses,19856,183,1900,2025,100.0,0.0001,
28b_REPRESION_VIOLENCIA,v2pepwrsoc,19856,183,1900,2025,100.0,0.0,
28b_REPRESION_VIOLENCIA,v2clrgunev,19828,183,1900,2025,99.9,0.0001,
31b_EMISIONES_OWID,owid_co2,23408,215,1750,2024,60.7,0.0376,
31b_EMISIONES_OWID,owid_co2_per_capita,22945,213,1750,2024,59.5,0.0258,
31b_EMISIONES_OWID,owid_cumulative_co2,23408,215,1750,2024,60.7,0.0277,
31b_EMISIONES_OWID,owid_share_global_co2,23408,215,1750,2024,60.7,0.1261,
31b_EMISIONES_OWID,owid_consumption_co2,4064,120,1990,2023,10.5,0.0002,
31b_EMISIONES_OWID,owid_co2_per_gdp,14672,164,1820,2022,38.1,0.0104,
31b_EMISIONES_OWID,owid_total_ghg,34825,199,1850,2024,90.3,0.0047,
31b_EMISIONES_OWID,owid_methane,34825,199,1850,2024,90.3,0.0055,
31b_EMISIONES_OWID,owid_nitrous_oxide,35175,201,1850,2024,91.2,0.0502,
31b_EMISIONES_OWID,owid_temperature_change_from_ghg,37410,215,1851,2024,97.0,0.6626,
