check_id,table,record,field,value_in_db,value_in_source,method,result,source_id
V001,14_DEFENSA_INVENTARIOS,"USA, RUS, CHN, FRA, GBR, IND, PAK, ISR, PRK",warheads_total_inventory_2024_01 / 2025_01,ver tabla,Coinciden con la tabla SIPRI reproducida por la Prefectura de Hiroshima (enero 2024 y enero 2025); total mundial 12.241 (2025),busqueda_web,coincide,SRC_SIPRI_YB2025_NUC
V002,12b_NODOS_ESTRATEGICOS,NODE002 (Malaca),metric_value,"23,7 Mb/d (2023)","23,7 millones b/d en 2023 (resumen de datos EIA)",busqueda_web,coincide (fuente secundaria),SRC_EIA_CHOKE
V003,12b_NODOS_ESTRATEGICOS,"NODE001, NODE003 (Ormuz, Suez)",metric_value,"18,5 y 5,5 Mb/d (2016)","Tabla EIA 2017 citada en resultados: Ormuz 18,5; Suez+SUMED 5,5 (2016)",busqueda_web,coincide; dato de 2016 (no actual),SRC_EIA_CHOKE
V004,11c_RESERVAS_ENERGETICAS,RV001-RV020,value,ver tabla,No se pudieron obtener las cifras por país en la búsqueda,busqueda_web,NO verificado,SRC_EI_SR
V006,23b_RESULTADOS_RECIENTES,"RE010, RE011 (Argentina 2023, 2ª vuelta)",votes / pct,"14.476.462 (55,65%) / 11.516.142 (44,35%)","Votos idénticos (La Gaceta, 99,3% escrutado: 55,7% / 44,3%); los porcentajes con dos decimales no aparecieron en los resultados",busqueda_web,"votos coinciden; % redondeados coinciden, decimales no confirmados",SRC_IPU_PARLINE
V007,24c_MEMBRESIAS,FIN y SWE en ORG_NATO,joined,2023-04-04 / 2024-03-07,Finlandia 4 de abril de 2023; Suecia 7 de marzo de 2024 (depósito del instrumento de adhesión),busqueda_web,coincide,SRC_NATO_MEMBERS
V008,23b_RESULTADOS_RECIENTES,RE032-RE036 (Alemania 2025),pct / seats,"CDU/CSU 28,5% 208; AfD 20,8% 152; SPD 16,4% 120; Linke 64","CDU/CSU 28,5% y 208 escaños; AfD 20,8% y 152; SPD 16,4% y 120; Linke 64 (alguna fuente da 69, inconsistente)",busqueda_web,coincide,SRC_IPU_PARLINE
V009,16_CONFLICTOS,CF051 (Perú),deaths_low/high,69.000-69.280,"CVR: cifra más probable 69.280 (estimación de múltiples sistemas, IC 95%)",busqueda_web,coincide,SRC_ACADEMIC_HIST
V010,16_CONFLICTOS,CF063 (Chile),deaths_low/high,3.197,Rettig + Corporación de Reparación: 3.197 muertos y desaparecidos; Valech I y II: ~30.000-40.000 víctimas reconocidas de prisión política y tortura (fuentes secundarias no coinciden en la cifra exacta),busqueda_web,coincide (cifra corregida a 3.197 tras el contraste),SRC_ACADEMIC_HIST
V005,11d_MINERALES_CRITICOS,CM001-CM011,share_range_text,ver tabla,Se confirmó la existencia de MCS 2025; cifras por país no accesibles,busqueda_web,NO verificado,SRC_USGS_MCS2025
