source_id,title,author_org,url,source_type,publication_date,period_covered,access_date,accessed_in_session,access_route,file_sha256,methodology,variables_supported,countries_covered,known_limitations,observations
SRC_WDI,"World Development Indicators (copia DDF de Gapminder/Open Numbers, versión 1.1.0 del datapackage, creada 2026-05-06)",Banco Mundial (vía Gapminder Open Numbers),https://databank.worldbank.org/source/world-development-indicators,base_datos_oficial_org_internacional,2026-05,1960-2024,2026-10-08,descarga,Descarga directa de réplica: https://raw.githubusercontent.com/open-numbers/ddf--open_numbers--world_development_indicators/master/datapackage.json,307f159cd038e57b8b1234d9056045594673908d3e89e5eac1e6c3fa0e08a772,"Compilación de estadísticas oficiales nacionales e internacionales (cuentas nacionales, FMI, ONU, OIT, SIPRI...). Metadatos por serie en 02b_INDICADORES.","Demografía, sociedad, macroeconomía, finanzas públicas, comercio, energía, infraestructura, defensa, tecnología, seguridad, medio ambiente",~217 economías + territorios,La API oficial no era accesible; se usó la réplica en GitHub declarada 'copia directa' por Gapminder. Las series se revisan retroactivamente en cada edición del WDI.,Códigos de serie WDI en minúsculas con '_' en lugar de '.'.
SRC_SIPRI_MILEX,SIPRI Military Expenditure Database (difundida en WDI: MS.MIL.XPND.*),SIPRI,https://www.sipri.org/databases/milex,base_datos_instituto_investigacion,anual,1960-2024,2026-10-08,descarga,Descarga directa de réplica: https://raw.githubusercontent.com/open-numbers/ddf--open_numbers--world_development_indicators/master/datapackage.json,307f159cd038e57b8b1234d9056045594673908d3e89e5eac1e6c3fa0e08a772,Definición OTAN de gasto militar; estimaciones de SIPRI cuando faltan datos oficiales,"Gasto militar (USD corrientes, % PIB, % gasto público)",Global,Estimaciones para países opacos; no incluye necesariamente gastos paramilitares o extrapresupuestarios,Consultada a través de WDI
SRC_SIPRI_AT,SIPRI Arms Transfers Database (TIV; difundida en WDI: MS.MIL.XPRT/MPRT.KD),SIPRI,https://www.sipri.org/databases/armstransfers,base_datos_instituto_investigacion,anual,1960-2024,2026-10-08,descarga,Descarga directa de réplica: https://raw.githubusercontent.com/open-numbers/ddf--open_numbers--world_development_indicators/master/datapackage.json,307f159cd038e57b8b1234d9056045594673908d3e89e5eac1e6c3fa0e08a772,"Trend Indicator Value (TIV): volumen de transferencias, no valor financiero",Importaciones/exportaciones de armas mayores,Global,TIV no es un precio; no comparable con valores monetarios,
SRC_VDEM,V-Dem Country-Year Dataset v16 (paquete R vdemdata 16.0),V-Dem Institute (Universidad de Gotemburgo),https://www.v-dem.net/data/the-v-dem-dataset/,base_datos_academica,2026-03,1789-2025,2026-10-08,descarga,Descarga directa de réplica: https://raw.githubusercontent.com/vdeminstitute/vdemdata/master/data/vdem.RData,39b412d39a061c18f20c98e4ad4d6355b05a0441df31be4ee9aec420dc3d95ea,Encuestas a expertos agregadas con modelo bayesiano de medición (IRT); índices compuestos; variables externas e_*,"Régimen político, elecciones, poder judicial, legislativo, libertades, corrupción, capacidad estatal, nombres de jefes de Estado y de Gobierno, variables externas (Polity, Freedom House, WGI, PIB modelado)",~200 países e históricos,Estimaciones latentes con intervalos (no incluidos aquí); variables e_* tienen fuentes propias; e_miinflat interpolado linealmente según el codebook,
SRC_VDEM_CODEBOOK,V-Dem Codebook v16 (codebook.RData),V-Dem Institute,https://www.v-dem.net/documents/,codebook,2026,,2026-10-08,descarga,Descarga directa de réplica: https://raw.githubusercontent.com/vdeminstitute/vdemdata/master/data/codebook.RData,2840d879cb9071b1f742f5f18c5373518a586ac90454b58dbf5f4309077f0700,Definiciones de variables usadas en 02_DICCIONARIO,,,,
SRC_VPARTY,V-Party Dataset (paquete vdemdata),V-Dem Institute,https://www.v-dem.net/data/v-party-dataset/,base_datos_academica,2022,1900-2019,2026-10-08,descarga,Descarga directa de réplica: https://raw.githubusercontent.com/vdeminstitute/vdemdata/master/data/vparty.RData,a4bde75e84c01ddfe5fc1fe8b32a87df2c13158eb658769f8a4ceb8f3ca5b964,Codificación por expertos de partidos con >5% de voto,"Partidos, voto, escaños, ideología, populismo",~178 países,Solo partidos con >5% en alguna elección; termina en 2019,
SRC_COW_NMC,COW National Material Capabilities v6.0 (vía peacesciencer 1.2.9),Correlates of War Project,https://correlatesofwar.org/data-sets/national-material-capabilities/,base_datos_academica,2021,1816-2016,2026-10-08,descarga,Descarga directa de réplica: https://raw.githubusercontent.com/svmiller/peacesciencer/master/data/cow_nmc.rda,c265ab4ffa73c87ddc565ce08a12963e8a6aa5020a56e3658108add14b24e82d,Seis indicadores de capacidad material e índice CINC,"milex (miles USD corrientes), milper (miles), irst (miles t), pec (miles t equiv. carbón), tpop, upop (miles), cinc",Estados del sistema COW,Fuentes heterogéneas; milex pre-1914 aproximado,
SRC_COW_STATES,COW State System Membership v2016,Correlates of War Project,https://correlatesofwar.org/data-sets/state-system-membership/,base_datos_academica,2017,1816-2016,2026-10-08,descarga,Descarga directa de réplica: https://raw.githubusercontent.com/svmiller/peacesciencer/master/data/cow_states.rda,9248b9fc801124d2bb48c58740bb335a1ee4938c4096e4d5e0bd01c22bf1dc09,Criterios de pertenencia al sistema interestatal,Fechas de entrada/salida,Global,Criterios de reconocimiento discutibles para algunos casos,
SRC_GW_STATES,Gleditsch & Ward list of independent states (vía peacesciencer),"Gleditsch, K.S.; Ward, M.D.",http://ksgleditsch.com/data-4.html,base_datos_academica,2017,1816-2017,2026-10-08,descarga,Descarga directa de réplica: https://raw.githubusercontent.com/svmiller/peacesciencer/master/data/gw_states.rda,4746858bf919a7af31e4a7afbda77294c350e80fd3899b8c20893c5b5f7829ec,Lista alternativa de Estados independientes,Fechas de independencia,Global,,
SRC_COW_CONTDIR,COW Direct Contiguity v3.2,Correlates of War Project,https://correlatesofwar.org/data-sets/direct-contiguity/,base_datos_academica,2017,1816-2016,2026-10-08,descarga,Descarga directa de réplica: https://raw.githubusercontent.com/svmiller/peacesciencer/master/data/cow_contdir.rda,779062fb96238a7c55dbb3436a0925f67d8f0b5bd8e522731c0c3c55f492dd70,"Contigüidad terrestre y marítima (≤12, 24, 150, 400 millas)",Fronteras,Global,,
SRC_COW_WAR,COW War Data v4.0 (inter e intraestatales; vía peacesciencer),Sarkees & Wayman / COW,https://correlatesofwar.org/data-sets/cow-war/,base_datos_academica,2010,1816-2007,2026-10-08,descarga,Descarga directa de réplica: https://raw.githubusercontent.com/svmiller/peacesciencer/master/data/cow_war_inter.rda,d727523be3ab6f35653adc62a9b893101c8342e152af084d96f1297bb9a56131,Guerras con ≥1.000 muertes en batalla,"Guerras, participantes, muertes en batalla, resultado",Global,Termina en 2007; muertes -9 = desconocidas,
SRC_COW_TRADE,COW Trade v4.0 (nivel Estado-año),Barbieri & Keshk / COW,https://correlatesofwar.org/data-sets/bilateral-trade/,base_datos_academica,2016,1870-2014,2026-10-08,descarga,Descarga directa de réplica: https://raw.githubusercontent.com/svmiller/peacesciencer/master/data/cow_trade_sy.rda,41ad9d312b6146aa9eaa70d8f5a16a0164b6e27ee4ebe86a928c2ea4de415142,Importaciones y exportaciones totales,Comercio (millones USD corrientes),Global,,
SRC_COW_IGO,COW Intergovernmental Organizations v3 (agregado Estado-año),Pevehouse et al. / COW,https://correlatesofwar.org/data-sets/igos/,base_datos_academica,2020,1816-2014,2026-10-08,descarga,Descarga directa de réplica: https://raw.githubusercontent.com/svmiller/peacesciencer/master/data/cow_igo_sy.rda,0102eb9d48f34791ddb1a17aa0b312df23117ebafb3d707cee03ab64463e3bc7,Pertenencia a OIG,Número de OIG por Estado,Global,,
SRC_ATOP,"ATOP Alliance Treaty Obligations and Provisions v5 (díada-año, vía peacesciencer)",Leeds et al.,http://www.atopdata.org/,base_datos_academica,2020,1815-2018,2026-10-08,descarga,Descarga directa de réplica: https://raw.githubusercontent.com/svmiller/peacesciencer/master/data/atop_alliance.rda,1449ca0369aed33ccf3ac66e959d1d7429c981a3840981facc84fcb2c2bc0441,Obligaciones de alianza por díada-año,"Defensa, ofensiva, neutralidad, no agresión, consulta",Global,,
SRC_UCDP_ACD,"UCDP/PRIO Armed Conflict Dataset (versión incluida en peacesciencer 1.2.9, años 1946-2024)",UCDP / PRIO,https://ucdp.uu.se/downloads/,base_datos_academica,2025,1946-2024,2026-10-08,descarga,Descarga directa de réplica: https://raw.githubusercontent.com/svmiller/peacesciencer/master/data/ucdp_acd.rda,e040581fa00a27a21544c5cc8d012fb841d64f2bb99d1a483c6ae68c465e6bdc,Conflictos con ≥25 muertes en batalla/año en los que al menos una parte es un gobierno,Conflictos armados estatales,Global,Sin nombres de actores en esta versión; nombres tomados de la versión antigua cuando coincide conflict_id,
SRC_UCDP_ACD_OLD,"UCDP/PRIO Armed Conflict Dataset (versión antigua con nombres, paquete PoliticalDatasets de X. Márquez)",UCDP / PRIO; X. Márquez,https://github.com/xmarquez/PoliticalDatasets,base_datos_academica_replica,2015,1946-2014,2026-10-08,descarga,Descarga directa de réplica: https://raw.githubusercontent.com/xmarquez/PoliticalDatasets/master/data/ucdpConflict.rda,7ab958e9ae416fa4ca1d8cf9e59439ce3d6a0287a46cf2b7b04dbe87077db7c5,,Nombres de lados y localización,Global,Versión antigua,
SRC_ARCHIGOS,Archigos 4.1 – A Data Set on Leaders 1875-2015 (vía peacesciencer),"Goemans, Gleditsch & Chiozza",http://ksgleditsch.com/archigos.html,base_datos_academica,2016,1875-2015,2026-10-08,descarga,Descarga directa de réplica: https://raw.githubusercontent.com/svmiller/peacesciencer/master/data/archigos.rda,b58bb675856a11923b3906adf4360b61fe1be4cc30f29fda4c36ee38e69c991b,"Líderes efectivos, entrada y salida del poder","Líderes, forma de entrada/salida",Global,Termina en 2015; nombres a veces abreviados,
SRC_LEAD,"LEAD – Leader Experience and Attribute Descriptions (Ellis, Horowitz & Stam)","Ellis, Horowitz & Stam",https://doi.org/10.1177/0022002714540470,base_datos_academica,2015,1875-2004,2026-10-08,descarga,Descarga directa de réplica: https://raw.githubusercontent.com/svmiller/peacesciencer/master/data/LEAD.rda,91c91901b7facce4d681fb79bfd9f850baed6d1aa3981fc5291af0b2889e5cfb,Atributos biográficos de líderes,"Educación, servicio militar, combate, rebelde",Global,,
SRC_REIGN,"REIGN – Rulers, Elections, and Irregular Governance (edición 2021-08)","Bell, Besaw & Frank (One Earth Future)",https://oefdatascience.github.io/REIGN.github.io/,base_datos_academica,2021-08,1950-2021,2026-10-08,descarga,Descarga directa de réplica: https://raw.githubusercontent.com/OEFdatascience/REIGN.github.io/gh-pages/data_sets/REIGN_2021_8.csv,08e22909bd94b2c5a7fd2f4b80fb47f9611b34d9d6f1b882edb47365e7ab70ac,"País-mes: líder, tipo de gobierno, elecciones, eventos irregulares","Gobiernos, líderes, tipos de régimen",~200 países,Termina en agosto de 2021,
SRC_PT_COUPS,Global Instances of Coups (Powell & Thyne; versión en PoliticalDatasets),"Powell, J.; Thyne, C.",https://www.uky.edu/~clthyn2/coup_data/home.htm,base_datos_academica,2015,1950-2015,2026-10-08,descarga,Descarga directa de réplica: https://raw.githubusercontent.com/xmarquez/PoliticalDatasets/master/data/PowellThyne.rda,cf92628dd74983c6e48853b199b6e6cb7bdfaca5cec57b33e087a2e99d01e54c,Golpes e intentos de golpe,Golpes,Global,Versión de ~2015; para años posteriores ver e_pt_coup de V-Dem y 26_HISTORIA,
SRC_NELDA,NELDA – National Elections Across Democracy and Autocracy (versión en PoliticalDatasets),Hyde & Marinov,https://nelda.co/,base_datos_academica,2015,1945-2012,2026-10-08,descarga,Descarga directa de réplica: https://raw.githubusercontent.com/xmarquez/PoliticalDatasets/master/data/nelda.rda,39391f956003f87a4e5dbd0befb00d4408bcbee66c0b761ebea86429a5ae48c3,Elección-nivel; preguntas sí/no sobre competencia y calidad,Elecciones,Global,La redacción exacta de cada pregunta nelda1...nelda58 está en el codebook oficial,
SRC_ICOW_COL,ICOW Colonial History Data Set v1.1,"Hensel, P.",http://www.paulhensel.org/icowcol.html,base_datos_academica,2018,1816-2002,2026-10-08,descarga,Descarga directa de réplica: https://raw.githubusercontent.com/xmarquez/PoliticalDatasets/master/data/colonial.rda,908a4b77247ac5b4d0656422b0e22eb19a4c236de9b4c19bb7dea9235cf2f80d,Historia colonial y forma de independencia,Independencias,Global,,
SRC_GWF,"Autocratic Regimes Data Set (Geddes, Wright & Frantz; versión en PoliticalDatasets)","Geddes, Wright & Frantz",https://sites.psu.edu/dictators/,base_datos_academica,2014,1946-2010,2026-10-08,descarga,Descarga directa de réplica: https://raw.githubusercontent.com/xmarquez/PoliticalDatasets/master/data/all_gwf_periods.rda,4489612360d44e591e44b1be5c2acf74177f08011fe77a0b34ceae5cfc43777c,"Periodos de régimen autocrático, tipo y forma de terminación",Regímenes,Global,Termina en 2010,
SRC_TD_RIV,Strategic Rivalries (Thompson & Dreyer 2011),"Thompson, W.; Dreyer, D.",https://doi.org/10.4135/9781608714865,base_datos_academica,2011,1494-2010,2026-10-08,descarga,Descarga directa de réplica: https://raw.githubusercontent.com/svmiller/peacesciencer/master/data/td_rivalries.rda,06875a5100a9aaf83a073d6b78078722be7a0ef1c8a851ee31ad36914553c68b,Rivalidades estratégicas percibidas,Rivalidades,Global,,
SRC_TSS_RIV,"Interstate rivalries (Thompson, Sakuwa & Suhas 2022)","Thompson, Sakuwa & Suhas",https://doi.org/10.1093/oso/9780197638439.001.0001,base_datos_academica,2022,1816-2020,2026-10-08,descarga,Descarga directa de réplica: https://raw.githubusercontent.com/svmiller/peacesciencer/master/data/tss_rivalries.rda,7d4aabe829ed3f3d32cc16cb1cf4c4fa11588e6823a2c19d73678e29c6879f6f,"Rivalidades con tipología (posicional, espacial, ideológica, intervencionista)",Rivalidades,Global,,
SRC_GRH_ARMS,"Arms races (Gibler, Rider & Hutchison 2005)","Gibler, Rider & Hutchison",https://doi.org/10.1177/0022343305049667,base_datos_academica,2005,1816-1993,2026-10-08,descarga,Descarga directa de réplica: https://raw.githubusercontent.com/svmiller/peacesciencer/master/data/grh_arms_races.rda,48360d7bf065295545b0bdc015d2dec11110a2381bd4e1f342a57a1294224bae,,Carreras armamentistas,Global,,
SRC_GML_MID,"MID data (Gibler, Miller & Little), disputas y participantes","Gibler, Miller & Little",https://doi.org/10.1093/isq/sqw045,base_datos_academica,2016,1816-2010,2026-10-08,descarga,Descarga directa de réplica: https://raw.githubusercontent.com/svmiller/peacesciencer/master/data/gml_mid_disps.rda,a0eedf4fa05b60d3015437aeeee410a0b080e7a2e317ab8a2899479e878f450d,Disputas interestatales militarizadas corregidas,MIDs,Global,,
SRC_CREG,Composition of Religious and Ethnic Groups (CREG),Nardulli et al.,https://clinecenter.illinois.edu/project/research-themes/democracy-and-development/creg,base_datos_academica,2012,1945-2013,2026-10-08,descarga,Descarga directa de réplica: https://raw.githubusercontent.com/svmiller/peacesciencer/master/data/creg.rda,79d28e6af621524361e2f72c259ce518b490336b7595cdae64a01334ea262ed3,Fraccionalización y polarización,"Etnicidad, religión",Global,,
SRC_HIEF,Historical Index of Ethnic Fractionalization (Drazanova),"Drazanova, L.",https://doi.org/10.7910/DVN/4JQRCL,base_datos_academica,2019,1945-2013,2026-10-08,descarga,Descarga directa de réplica: https://raw.githubusercontent.com/svmiller/peacesciencer/master/data/hief.rda,cf461d5e6f480cde63d3fafe780c3a17397b585eb63edad91fdb0651386cfd8c,,Fraccionalización étnica,Global,,
SRC_TERRTHREAT,"Latent territorial threat (Miller 2022, vía peacesciencer)","Miller, S.",https://doi.org/10.1177/00220027211070378,base_datos_academica,2022,1816-2010,2026-10-08,descarga,Descarga directa de réplica: https://raw.githubusercontent.com/svmiller/peacesciencer/master/data/terrthreat.rda,67394b4056144f377dc9aba832a6e0aacc46b6ec9e338f78635f793ddf00770d,Modelo latente de amenaza territorial externa,Amenaza territorial,Global,Estimación modelada,
SRC_RUGGED,Ruggedness (Nunn & Puga 2012; vía peacesciencer),Nunn & Puga,https://diegopuga.org/data/rugged/,base_datos_academica,2012,,2026-10-08,descarga,Descarga directa de réplica: https://raw.githubusercontent.com/svmiller/peacesciencer/master/data/rugged.rda,5c1d8fd4dabb1b2e93ff6a3ae93ddd6d23276707c9b7109ab07bf182d689dfcc,Índice de rugosidad del terreno y % montañoso,Geografía,Global,,
SRC_MAOZ,Potencias regionales y globales (Maoz),"Maoz, Z.",,base_datos_academica,2010,1816-2010,2026-10-08,descarga,Descarga directa de réplica: https://raw.githubusercontent.com/svmiller/peacesciencer/master/data/maoz_powers.rda,600899bd98cf2d056c9fbfca57ec1b6587a5fe22cebe56687e4f2f2536a143fd,,Estatus de potencia,Global,,
SRC_COW_MAJORS,COW Major Powers,Correlates of War Project,https://correlatesofwar.org/data-sets/state-system-membership/,base_datos_academica,2017,1816-2016,2026-10-08,descarga,Descarga directa de réplica: https://raw.githubusercontent.com/svmiller/peacesciencer/master/data/cow_majors.rda,673cb752c2d1af045ea8e2c602b45bc037b84dda9537bfb060142ff255c7f2b6,,Grandes potencias,Global,,
SRC_OWID_ENERGY,"Our World in Data – energy-data (Energy Institute Statistical Review, Ember, EIA)",Our World in Data,https://github.com/owid/energy-data,compilacion_academica,2025,1900-2024,2026-10-08,descarga,Descarga directa de réplica: https://raw.githubusercontent.com/owid/energy-data/master/owid-energy-data.csv,266f2e2baad7975351bc9bb4aa061d22b1da9fe4c47d51d2ac6071e01e171f76,Compilación documentada de fuentes primarias,"Producción y consumo de energía, matriz eléctrica",Global,Algunas series combinan fuentes con definiciones distintas,
SRC_OWID_CO2,Our World in Data – co2-data (Global Carbon Project y otros),Our World in Data,https://github.com/owid/co2-data,compilacion_academica,2025,1750-2024,2026-10-08,descarga,Descarga directa de réplica: https://raw.githubusercontent.com/owid/co2-data/master/owid-co2-data.csv,7f78e2b218ce4bb8c538bbec04fdc9a7982e8d40bff972e650df603899edd5f6,,Emisiones,Global,,
SRC_MLEDOZE,World countries in JSON (mledoze/countries),M. Ledoze y colaboradores,https://github.com/mledoze/countries,dataset_colaborativo,2025,actual,2026-10-08,descarga,Descarga directa de réplica: https://raw.githubusercontent.com/mledoze/countries/master/countries.json,913e5d716f9dc6b59881ee23488d47f5fda52070d1a34cac5fa327c9e61d8f7c,"Nombres, ISO, capitales, fronteras terrestres, superficie",Identidad y geografía actuales,250 entidades,Fronteras y superficies actuales; no históricas,
SRC_DATAHUB_CC,Country codes (datasets/country-codes),DataHub,https://github.com/datasets/country-codes,dataset_colaborativo,2024,actual,2026-10-08,descarga,Descarga directa de réplica: https://raw.githubusercontent.com/datasets/country-codes/main/data/country-codes.csv,07918cb63dd8bc43e52110def00d490998634360605e9d8c602865e2260802fd,,Códigos,Global,,
SRC_SIPRI_YB2025_NUC,"SIPRI Yearbook 2025, cap. 6 World nuclear forces (enero 2025)",SIPRI,https://www.sipri.org/media/press-release/2025/nuclear-risks-grow-new-arms-race-looms-new-sipri-yearbook-out-now,anuario_instituto_investigacion,2025-06-16,2024-2025,2026-10-08,busqueda_web,busqueda_web (resumen de resultados),,,,,,Cifras por país reproducidas también por la Prefectura de Hiroshima (status-nuclear-forces).
SRC_HIROSHIMA_NUC,"Status of nuclear forces (estimated, as of January 2025)",Prefectura de Hiroshima (reproduce SIPRI),https://www.pref.hiroshima.lg.jp/site/hiroshimaforpeace-en/status-nuclear-forces.html,sitio_oficial_gobierno_subnacional,2025,2024-2025,2026-10-08,busqueda_web,busqueda_web (resumen de resultados),,,,,,Tabla con inventario total enero 2024 y enero 2025.
SRC_EIA_CHOKE,World Oil Transit Chokepoints,U.S. Energy Information Administration,https://www.eia.gov/international/analysis/special-topics/World_Oil_Transit_Chokepoints,informe_oficial,2024-06,2013-2024,2026-10-08,busqueda_web,busqueda_web (resumen de resultados),,,,,,"Solo se obtuvieron por buscador cifras de 2023 para Malaca (23,7 Mb/d) y totales mundiales; el resto son ediciones previas."
SRC_NATO_MEMBERS,NATO member countries,OTAN,https://www.nato.int/cps/en/natohq/topics_52044.htm,sitio_oficial_org_internacional,,1949-actualidad,,no,"referencia citada, no consultada en la sesión",,,,,,Fechas de adhesión.
SRC_EU_MEMBERS,EU countries – history of enlargement,Unión Europea,https://european-union.europa.eu/principles-countries-history/eu-countries_en,sitio_oficial_org_internacional,,1958-actualidad,,no,"referencia citada, no consultada en la sesión",,,,,,
SRC_UN_MEMBERS,Member States of the United Nations (fecha de admisión),Naciones Unidas,https://www.un.org/en/about-us/member-states,sitio_oficial_org_internacional,,1945-actualidad,,no,"referencia citada, no consultada en la sesión",,,,,,
SRC_UNTC,United Nations Treaty Collection,"Naciones Unidas, Oficina de Asuntos Jurídicos",https://treaties.un.org/,repositorio_tratados,,1945-actualidad,,no,"referencia citada, no consultada en la sesión",,,,,,Fuente primaria para textos y estado de tratados multilaterales.
SRC_OPEC,OPEC Member Countries,OPEP,https://www.opec.org/opec_web/en/about_us/25.htm,sitio_oficial_org_internacional,,1960-actualidad,,no,"referencia citada, no consultada en la sesión",,,,,,
SRC_IAEA_PRIS,Power Reactor Information System (PRIS),OIEA,https://pris.iaea.org/PRIS/home.aspx,base_datos_oficial,,1954-actualidad,,no,"referencia citada, no consultada en la sesión",,,,,,
SRC_UCDP_WEB,UCDP Conflict Encyclopedia,Uppsala Conflict Data Program,https://ucdp.uu.se/,base_datos_academica,,1946-actualidad,,no,"referencia citada, no consultada en la sesión",,,,,,Descripciones de conflicto y estimaciones de muertes en batalla.
SRC_COW_WEB,Correlates of War Project – data sets,COW Project,https://correlatesofwar.org/data-sets/,base_datos_academica,,1816-2007/2016,,no,"referencia citada, no consultada en la sesión",,,,,,
SRC_LAEVEN_VALENCIA,"Systemic Banking Crises Database II (Laeven & Valencia, IMF Economic Review 2020)","Laeven, L.; Valencia, F. (FMI)",https://doi.org/10.1057/s41308-020-00107-3,articulo_revisado_pares,2020,1970-2017,,no,"referencia citada, no consultada en la sesión",,,,,,"Fechas de crisis bancarias, monetarias y de deuda soberana."
SRC_REINHART_ROGOFF,This Time Is Different: Eight Centuries of Financial Folly,"Reinhart, C.; Rogoff, K.",https://press.princeton.edu/books/paperback/9780691152646/this-time-is-different,monografia_academica,2009,1800-2009,,no,"referencia citada, no consultada en la sesión",,,,,,Cronología de defaults y crisis.
SRC_HANKE_KRUS,World Hyperinflations (Cato Working Paper 8),"Hanke, S.; Krus, N.",https://www.cato.org/working-paper/world-hyperinflations,documento_trabajo,2012,1795-2012,,no,"referencia citada, no consultada en la sesión",,,,,,Tabla de hiperinflaciones con tasas mensuales pico.
SRC_BRITANNICA,Encyclopaedia Britannica (artículos de historia política y conflictos),Encyclopaedia Britannica,https://www.britannica.com/,enciclopedia_editorial,,varios,,no,"referencia citada, no consultada en la sesión",,,,,,Referencia general para fechas de acontecimientos.
SRC_FRUS,Foreign Relations of the United States (documentos diplomáticos desclasificados),"Office of the Historian, U.S. Department of State",https://history.state.gov/historicaldocuments,archivo_documental_primario,,1861-1990,,no,"referencia citada, no consultada en la sesión",,,,,,"Documentación primaria sobre operaciones encubiertas reconocidas (p.ej. Irán 1953, Guatemala 1954, Chile)."
SRC_CHURCH,Church Committee Reports (U.S. Senate Select Committee on Intelligence Activities),Senado de EE.UU.,https://www.intelligence.senate.gov/resources/intelligence-related-commissions,documento_oficial_legislativo,1975-1976,1947-1975,,no,"referencia citada, no consultada en la sesión",,,,,,Investigación oficial de operaciones de la CIA/FBI/NSA.
SRC_MITROKHIN,The Mitrokhin Archive / The Sword and the Shield,"Andrew, C.; Mitrokhin, V.",https://www.churchillarchiveforschools.com/,monografia_basada_archivo,1999,1917-1991,,no,"referencia citada, no consultada en la sesión",,,,,,Reconstrucción de operaciones del KGB basada en notas de archivo; atribuciones con certeza variable.
SRC_MUELLER,Report On The Investigation Into Russian Interference In The 2016 Presidential Election,"U.S. Department of Justice, Special Counsel R. Mueller",https://www.justice.gov/archives/sco/file/1373816/dl,documento_oficial_judicial,2019-03,2014-2017,,no,"referencia citada, no consultada en la sesión",,,,,,
SRC_DOJ_INDICT,Acusaciones formales del Departamento de Justicia de EE.UU. (casos de espionaje y ciberoperaciones),U.S. Department of Justice,https://www.justice.gov/nsd,documento_oficial_judicial,,1985-actualidad,,no,"referencia citada, no consultada en la sesión",,,,,,Una acusación formal no equivale a condena; se registra como atribución oficial.
SRC_UK_ISC,Intelligence and Security Committee of Parliament – Russia Report,Parlamento del Reino Unido,https://isc.independent.gov.uk/,documento_oficial_legislativo,2020-07,2000-2020,,no,"referencia citada, no consultada en la sesión",,,,,,
SRC_NCSC_ATTR,"Atribuciones públicas de ciberoperaciones por gobiernos (NCSC UK, CISA, UE)",NCSC (UK) / CISA (EE.UU.) / Consejo de la UE,https://www.ncsc.gov.uk/news,comunicado_oficial,,2007-actualidad,,no,"referencia citada, no consultada en la sesión",,,,,,"Atribución gubernamental: nivel 'atribuido_oficialmente', no demostración judicial."
SRC_CONSTITUTE,Constitute Project – constituciones del mundo,Comparative Constitutions Project,https://www.constituteproject.org/,base_datos_academica,,1789-actualidad,,no,"referencia citada, no consultada en la sesión",,,,,,Textos constitucionales vigentes y año de promulgación.
SRC_IPU_PARLINE,IPU Parline – base de datos de parlamentos nacionales,Unión Interparlamentaria,https://data.ipu.org/,base_datos_org_internacional,,actual,,no,"referencia citada, no consultada en la sesión",,,,,,"Estructura legislativa, número de escaños, duración de mandatos."
SRC_IDEA_ESD,International IDEA – Electoral System Design Database,International IDEA,https://www.idea.int/data-tools/data/electoral-system-design,base_datos_org_internacional,,actual,,no,"referencia citada, no consultada en la sesión",,,,,,Sistema electoral por país.
SRC_BIS_CB,Central bank websites / BIS list of central banks,Banco de Pagos Internacionales,https://www.bis.org/cbanks.htm,directorio_org_internacional,,actual,,no,"referencia citada, no consultada en la sesión",,,,,,Año de creación de bancos centrales.
SRC_OFAC,Sanctions Programs and Country Information,U.S. Treasury OFAC,https://ofac.treasury.gov/sanctions-programs-and-country-information,sitio_oficial_gobierno,,1950-actualidad,,no,"referencia citada, no consultada en la sesión",,,,,,
SRC_EU_SANCTIONS,EU Sanctions Map,Unión Europea,https://www.sanctionsmap.eu/,sitio_oficial_org_internacional,,actual,,no,"referencia citada, no consultada en la sesión",,,,,,
SRC_UNSC_SANCTIONS,United Nations Security Council Consolidated List & sanctions committees,Consejo de Seguridad ONU,https://main.un.org/securitycouncil/en/sanctions/information,sitio_oficial_org_internacional,,1966-actualidad,,no,"referencia citada, no consultada en la sesión",,,,,,
SRC_EMDAT,EM-DAT The International Disaster Database,"CRED, UCLouvain",https://www.emdat.be/,base_datos_academica,,1900-actualidad,,no,"referencia citada, no consultada en la sesión",,,,,,Muertes y daños de desastres; cifras de catástrofes de la tabla curada tomadas de la literatura y no descargadas de EM-DAT.
SRC_USGS_MCS2025,Mineral Commodity Summaries 2025,U.S. Geological Survey,https://pubs.usgs.gov/publication/mcs2025,informe_oficial,2025-01,2020-2024,2026-10-08,busqueda_web,busqueda_web (resumen de resultados),,,,,,Se confirmó la existencia y alcance; cifras por país no pudieron descargarse (dominio bloqueado).
SRC_EI_SR,Energy Institute Statistical Review of World Energy,Energy Institute,https://www.energyinst.org/statistical-review,informe_estadistico_sectorial,2024/2025,1965-2024,2026-10-08,busqueda_web,busqueda_web (resumen de resultados),,,,,,Se usa vía OWID energy-data para producción; reservas no descargadas.
SRC_SIPRI_TOP100,SIPRI Top 100 Arms-producing and Military Services Companies,SIPRI,https://www.sipri.org/databases/armsindustry,base_datos_instituto_investigacion,,2002-2023,,no,"referencia citada, no consultada en la sesión",,,,,,Ranking por ventas de armas.
SRC_IISS_MB,The Military Balance,International Institute for Strategic Studies,https://www.iiss.org/publications/the-military-balance/,anuario_instituto_investigacion,anual,1959-actualidad,,no,"referencia citada, no consultada en la sesión",,,,,,Fuente de referencia para inventarios; NO consultada (de pago). Los inventarios curados indican órdenes de magnitud públicos y requieren contraste con esta fuente.
SRC_FAS_NUC,Status of World Nuclear Forces,Federation of American Scientists,https://fas.org/initiative/status-world-nuclear-forces/,estimacion_ong_metodologia_publica,2025,1945-2025,,no,"referencia citada, no consultada en la sesión",,,,,,Serie histórica de arsenales.
SRC_NTI,"NTI Country Profiles (programas nucleares, químicos, biológicos y misilísticos)",Nuclear Threat Initiative,https://www.nti.org/countries/,perfil_ong,,1945-actualidad,,no,"referencia citada, no consultada en la sesión",,,,,,
SRC_ARMS_CONTROL,Arms Control Association – Fact Sheets (tratados y estado de adhesión),Arms Control Association,https://www.armscontrol.org/factsheets,perfil_ong,,1963-actualidad,,no,"referencia citada, no consultada en la sesión",,,,,,
SRC_OFFICIAL_AGENCY,Sitios oficiales de los servicios de inteligencia (historia institucional publicada por cada organismo),Organismos nacionales,,sitio_oficial_gobierno,,varios,,no,"referencia citada, no consultada en la sesión",,,,,,Ver campo official_url de cada organismo en 18_INTELIGENCIA.
SRC_WIKI_REF,Artículos enciclopédicos colaborativos (solo como guía de navegación hacia fuentes primarias),Wikipedia,https://www.wikipedia.org/,enciclopedia_colaborativa,,varios,,no,"referencia citada, no consultada en la sesión",,,,,,No se usa como fuente principal de cifras.
SRC_FT500_FORTUNE,Fortune Global 500 / informes anuales corporativos,Fortune; empresas,https://fortune.com/ranking/global500/,ranking_comercial,anual,1995-actualidad,,no,"referencia citada, no consultada en la sesión",,,,,,Rankings empresariales; varían por año: no extrapolar.
SRC_IMF_AREAER,Annual Report on Exchange Arrangements and Exchange Restrictions,FMI,https://www.elibrary-areaer.imf.org/,informe_oficial_org_internacional,anual,1950-actualidad,,no,"referencia citada, no consultada en la sesión",,,,,,Regímenes cambiarios y controles de capital.
SRC_IMF_HIST_LENDING,IMF Lending Arrangements / History of Lending Commitments,FMI,https://www.imf.org/external/np/fin/tad/extarr1.aspx,base_datos_oficial_org_internacional,,1952-actualidad,,no,"referencia citada, no consultada en la sesión",,,,,,Programas del FMI por país.
SRC_ECB_EURO,Euro area enlargement – fechas de adopción del euro,Banco Central Europeo,https://www.ecb.europa.eu/euro/intro/html/index.en.html,sitio_oficial_org_internacional,,1999-actualidad,,no,"referencia citada, no consultada en la sesión",,,,,,
SRC_ACADEMIC_HIST,"Historiografía de referencia (manuales universitarios de historia contemporánea y de la Guerra Fría, p.ej. Westad 'The Global Cold War' 2005; Judt 'Postwar' 2005; Gaddis 'The Cold War' 2005)",Varios autores,,monografia_academica,2005,1945-2005,,no,"referencia citada, no consultada en la sesión",,,,,,"Base para descripciones narrativas, causas y consecuencias."
SRC_LANCET_IRAQ,Estimaciones alternativas de mortalidad: Iraq Body Count; Burnham et al. (Lancet 2006); IFHS/OMS (NEJM 2008),Varios,https://www.iraqbodycount.org/,estimaciones_contradictorias,2006-2008,2003-2006,,no,"referencia citada, no consultada en la sesión",,,,,,Ejemplo de cifras alternativas conservadas.
SRC_BROWN_COSTS,Costs of War Project,"Watson Institute, Brown University",https://watson.brown.edu/costsofwar/,proyecto_academico,2011-actualidad,2001-actualidad,,no,"referencia citada, no consultada en la sesión",,,,,,Costes económicos y humanos de guerras posteriores al 11-S.
SRC_OHCHR_UKR,Civilian casualties in Ukraine – updates,ACNUDH / Misión de Monitoreo DD.HH. ONU en Ucrania,https://www.ohchr.org/en/countries/ukraine,informe_oficial_org_internacional,periodico,2014-actualidad,,no,"referencia citada, no consultada en la sesión",,,,,,Cifras mínimas verificadas; reconocidamente inferiores a la realidad.
SRC_UNHCR,UNHCR Refugee Data Finder,ACNUR,https://www.unhcr.org/refugee-statistics/,base_datos_oficial_org_internacional,,1951-actualidad,,no,"referencia citada, no consultada en la sesión",,,,,,
